Ticker,Earnings Date,Entry Date,Exit Date,Entry Price,Exit Price,ATR(14),ATR%,IV Rank,Strategy,P/L
AAPL,2025-05-01,2025-04-11,2025-05-02,185.856281088865,205.08106994628906,12.46294295750677,0.06705688333206108,,N/A,0.10343900536905701
AAPL,2025-01-30,2025-01-10,2025-01-31,239.4324132245663,235.4320831298828,4.9209834718315095,0.020552703811309227,,N/A,-0.01670755450696445
AAPL,2024-10-31,2024-10-11,2024-11-01,228.4968150773993,222.1291961669922,4.098446037500196,0.017936556516605796,,N/A,-0.027867429610562395
AAPL,2024-08-01,2024-07-12,2024-08-02,227.8544036714271,218.83657836914062,4.848752666148193,0.021280048083425415,,N/A,-0.03957713854541273
AAPL,2024-05-02,2024-04-12,2024-05-03,173.21388159504414,182.2791748046875,2.7966799400603253,0.016145818766411975,,N/A,0.05233583547788081
AAPL,2024-02-01,2024-01-12,2024-02-02,184.7073562390581,184.4989013671875,2.967556839882097,0.016066262331432685,,N/A,-0.0011285683262165632
AAPL,2023-11-02,2023-10-13,2023-11-03,179.86414450043375,175.13502502441406,3.330476656318729,0.018516623563684744,,N/A,-0.026292730489195892
AAPL,2023-08-03,2023-07-14,2023-08-04,188.34426641754783,180.1859588623047,2.6173652259387388,0.013896707745465416,,N/A,-0.04331593262922412
AAPL,2023-05-04,2023-04-14,2023-05-05,162.73332768738865,171.61204528808594,2.902599534613848,0.01783654015967616,,N/A,0.05455992160225062
AAPL,2023-02-02,2023-01-13,2023-02-03,130.34161256817276,152.5242919921875,3.7253092962424077,0.028581120202835864,,N/A,0.17018877537986954
AAPL,2022-10-27,2022-10-07,2022-10-28,140.4841648717613,153.49378967285156,4.912395380597175,0.03496760923255213,,N/A,0.09260563148142635
AAPL,2022-07-28,2022-07-08,2022-07-29,142.966323535681,159.94395446777344,3.856693455118583,0.026976237198657795,,N/A,0.11875265805415515
AAPL,2022-04-28,2022-04-08,2022-04-29,168.81958401496289,154.9330596923828,3.661498810832301,0.02168882734901049,,N/A,-0.08225659601998117
AAPL,2022-01-27,2022-01-07,2022-01-28,169.69418000873506,167.1815643310547,3.3904358928407214,0.019979682819211583,,N/A,-0.014806728654754304
AAPL,2021-10-28,2021-10-08,2021-10-29,141.16165438015548,146.8167724609375,2.765242039725235,0.019589186963467415,,N/A,0.040061290763513564
AAPL,2021-07-27,2021-07-07,2021-07-28,140.47095165667832,141.88015747070312,2.1089249951817703,0.015013246299748458,,N/A,0.010032008734937651
ABBNY,2025-04-17,2025-03-28,2025-04-18,52.20070376460118,51.84000015258789,1.1912533309346673,0.022820637367392947,,N/A,-0.006909937721144147
ABBNY,2025-04-16,2025-03-27,2025-04-17,53.03458236911223,51.84000015258789,1.2669330738463351,0.0238888102300624,,N/A,-0.022524589864972196
ABBNY,2025-01-30,2025-01-10,2025-01-31,53.00514749216431,53.46623611450195,1.0034550888178835,0.01893127623060049,,N/A,0.008698940464335154
ABBNY,2024-10-16,2024-09-26,2024-10-17,58.22423649243071,57.09605407714844,0.8177596477079564,0.014045004227994764,,N/A,-0.019376508534018157
ABBNY,2024-07-17,2024-06-27,2024-07-18,54.594421259281546,53.220977783203125,1.0777335622524755,0.019740726934975084,,N/A,-0.025157212850661425
ABBNY,2024-04-18,2024-03-29,2024-04-19,45.53949611184719,48.19809341430664,0.5932860504612449,0.013027944995353173,,N/A,0.05838003336553846
ABBNY,2024-02-01,2024-01-12,2024-02-02,41.32485320523928,41.9490966796875,0.6365901615690761,0.015404535338757536,,N/A,0.015105763869212674
ABBNY,2023-10-18,2023-09-28,2023-10-19,34.10284553557674,32.55664825439453,0.5144867557683125,0.01508632923993366,,N/A,-0.04533924535913541
ABBNY,2023-07-20,2023-06-30,2023-07-21,37.598609081473185,38.578182220458984,0.5494713942822494,0.014614141525597098,,N/A,0.026053440882963047
AMD,2025-05-06,2025-04-16,2025-05-07,87.61000061035156,100.36000061035156,7.922857557024274,0.09043325535701627,,N/A,0.14553133102585006
AMD,2025-02-04,2025-01-15,2025-02-05,117.55000305175781,112.01000213623047,4.310000828334263,0.03666525492505984,,N/A,-0.04712888789197271
AMD,2024-10-29,2024-10-09,2024-10-30,174.0500030517578,148.60000610351562,5.098570687430246,0.029293712140378805,,N/A,-0.1462223298018216
AMD,2024-07-30,2024-07-10,2024-07-31,179.99000549316406,144.47999572753906,6.794286455426898,0.0377481318299362,,N/A,-0.19728878649861287
AMD,2024-04-30,2024-04-10,2024-05-01,166.7100067138672,144.27000427246094,7.525001525878906,0.045138271386398816,,N/A,-0.13460501192301647
AMD,2024-01-30,2024-01-10,2024-01-31,150.07000732421875,167.69000244140625,4.886429922921317,0.03256100276162731,,N/A,0.11741183619136089
AMD,2023-10-31,2023-10-11,2023-11-01,109.13999938964844,108.04000091552734,3.5678580147879466,0.03269065452392101,,N/A,-0.010078783949722331
AMD,2023-08-01,2023-07-12,2023-08-02,112.88999938964844,109.3499984741211,3.713573455810547,0.03289550425979599,,N/A,-0.031357967354652565
AMD,2023-05-02,2023-04-12,2023-05-03,94.97000122070312,81.62000274658203,3.451430184500558,0.03634232010253106,,N/A,-0.14057068866511546
AMD,2023-01-31,2023-01-11,2023-02-01,68.38999938964844,84.63999938964844,2.7728573935372487,0.0405447787437318,,N/A,0.23760783952367767
AMD,2022-11-01,2022-10-12,2022-11-02,57.45000076293945,58.630001068115234,3.478572028023856,0.06054955581946407,,N/A,0.02053960469112805
AMD,2022-08-02,2022-07-13,2022-08-03,74.94000244140625,98.08999633789062,3.9449996948242188,0.05264210790370226,,N/A,0.30891370619563013
AMD,2022-05-03,2022-04-13,2022-05-04,95.30000305175781,99.41999816894531,4.955000741141183,0.051993710204291416,,N/A,0.043231846644851774
AMD,2022-02-01,2022-01-12,2022-02-02,138.58999633789062,122.76000213623047,6.86500004359654,0.049534600079353945,,N/A,-0.114221766505179
AMD,2021-10-26,2021-10-06,2021-10-27,100.44999694824219,122.27999877929688,3.2492871965680803,0.03234731005758324,,N/A,0.21732207560247913
AMD,2021-07-27,2021-07-07,2021-07-28,95.0199966430664,97.93000030517578,2.932856968470982,0.03086568166791229,,N/A,0.030625171173605987
AMZN,2025-05-01,2025-04-11,2025-05-02,179.92999267578125,189.97999572753906,11.819998604910714,0.06569220855918868,,N/A,0.055855073977950274
AMZN,2025-02-06,2025-01-17,2025-02-07,225.83999633789062,229.14999389648438,5.209286281040737,0.023066269772900903,,N/A,0.014656383334515714
AMZN,2024-10-31,2024-10-11,2024-11-01,186.6300048828125,197.92999267578125,3.8278579711914062,0.02051041028260686,,N/A,0.060547540574004514
AMZN,2024-08-01,2024-07-12,2024-08-02,194.8000030517578,167.89999389648438,4.5464292253766745,0.02333895869687795,,N/A,-0.13809039391095995
AMZN,2024-04-30,2024-04-10,2024-05-01,182.77000427246094,179.0,3.3185719081333707,0.018157092687847577,,N/A,-0.02062704045703733
AMZN,2024-02-01,2024-01-12,2024-02-02,155.38999938964844,171.80999755859375,2.741428920200893,0.017642248091697448,,N/A,0.10566959414016934
AMZN,2023-10-26,2023-10-06,2023-10-27,124.16000366210938,127.73999786376953,3.9935706002371654,0.03216471071558052,,N/A,0.02883371533559872
AMZN,2023-08-03,2023-07-14,2023-08-04,134.05999755859375,139.57000732421875,2.8835694449288503,0.02150954421484698,,N/A,0.041101073146124247
AMZN,2023-04-27,2023-04-07,2023-04-28,100.75,105.44999694824219,2.662855420793806,0.02643032675725862,,N/A,0.046650093779078784
AMZN,2023-02-02,2023-01-13,2023-02-03,94.18000030517578,103.38999938964844,3.2114290509905135,0.03409884307267331,,N/A,0.0977914531177434
AMZN,2022-10-27,2022-10-07,2022-10-28,118.0,103.41000366210938,4.579286847795759,0.03880751565928609,,N/A,-0.12364403676178495
AMZN,2022-07-28,2022-07-08,2022-07-29,114.5999984741211,134.9499969482422,5.220714569091797,0.04555597415885425,,N/A,0.17757416007921256
AMZN,2022-04-28,2022-04-08,2022-04-29,156.75,124.28150177001953,4.273389543805804,0.027262453230021078,,N/A,-0.20713555489620714
AMZN,2022-02-03,2022-01-14,2022-02-04,160.14999389648438,157.63949584960938,3.684320722307478,0.023005437794077595,,N/A,-0.015675917218565132
AMZN,2021-10-28,2021-10-08,2021-10-29,165.85000610351562,168.6215057373047,3.1528919764927457,0.019010502625636694,,N/A,0.016710880505239327
AMZN,2021-07-29,2021-07-09,2021-07-30,186.12600708007812,166.37950134277344,3.550250462123326,0.019074445950994265,,N/A,-0.10609213643533989
ASML,2025-04-16,2025-03-27,2025-04-17,696.3334599942239,638.1835327148438,20.975038840885336,0.03012211827514267,,N/A,-0.08350873628830427
ASML,2025-01-29,2025-01-09,2025-01-30,749.0912393489145,733.1643676757812,21.42393505341972,0.028599900690389462,,N/A,-0.02126159116074619
ASML,2024-10-15,2024-09-25,2024-10-16,812.1124046639424,679.971923828125,26.120128121516277,0.032163193138670214,,N/A,-0.1627120581793083
ASML,2024-07-17,2024-06-27,2024-07-18,1022.2022268097131,917.6526489257812,27.532889952630235,0.02693487573252527,,N/A,-0.10227876162061442
ASML,2024-04-17,2024-03-28,2024-04-18,960.7354147198707,880.947509765625,23.714565699379282,0.024683763433758634,,N/A,-0.08304878089407178
ASML,2024-01-24,2024-01-04,2024-01-25,690.4459257643949,859.6742553710938,15.130181193893852,0.021913636722735642,,N/A,0.24510004808753935
ASML,2023-10-18,2023-09-28,2023-10-19,558.6708393642336,579.8838500976562,13.669328673639338,0.024467589339717478,,N/A,0.0379704993329578
ASML,2023-07-19,2023-06-29,2023-07-20,716.3098473873395,665.6203002929688,16.145068258419176,0.02253922421603796,,N/A,-0.07076483351339535
ASML,2023-05-17,2023-04-27,2023-05-18,610.3279610497133,685.1126098632812,17.047840401826654,0.027932261816263158,,N/A,0.12253190675541818
ASML,2023-01-25,2023-01-05,2023-01-26,553.7513904948325,669.8335571289062,18.39722617500025,0.033222898381456846,,N/A,0.20962866843610561
ASML,2022-10-19,2022-09-29,2022-10-20,415.6045111863935,426.99041748046875,16.296959432222188,0.039212662503832166,,N/A,0.027396012284786813
ASML,2022-07-20,2022-06-30,2022-07-21,461.9077962497888,528.2689819335938,20.197541759903874,0.04372634955263133,,N/A,0.1436676025444662
ASML,2022-04-20,2022-03-31,2022-04-21,662.2655423273449,599.85009765625,23.634061692734488,0.03568668484499324,,N/A,-0.0942453452307868
ASML,2022-01-19,2021-12-30,2022-01-20,777.5720469254662,683.501953125,19.043909825496712,0.024491505193372978,,N/A,-0.1209792638153867
ASML,2021-10-20,2021-09-30,2021-10-21,727.8679853925521,760.0130004882812,25.200889788239504,0.03462288532260176,,N/A,0.04416324902433066
ASML,2021-07-21,2021-07-01,2021-07-22,663.20193641243,704.38916015625,14.256147829006514,0.021495938184566674,,N/A,0.0621035939168408
ATLCY,2025-04-29,2025-04-09,2025-04-30,12.010000228881836,13.970000267028809,0.5735714776175362,0.047757824037188826,,N/A,0.1631973356198224
ATLCY,2025-01-28,2025-01-08,2025-01-29,13.819999694824219,14.710000038146973,0.299285820552281,0.021655993282284056,,N/A,0.06439944739333615
AVGO,2025-03-06,2025-02-14,2025-03-07,233.8224549373678,194.37184143066406,9.523328934674764,0.04072888952100731,,N/A,-0.16872038024436564
AVGO,2024-12-12,2024-11-22,2024-12-13,163.36662194478373,223.52291870117188,4.950287972155039,0.030301709818228266,,N/A,0.3682288097792728
AVGO,2024-09-05,2024-08-16,2024-09-06,162.99953335001763,135.775146484375,9.601246131630063,0.058903519134700794,,N/A,-0.16702125647919644
AVGO,2024-06-12,2024-05-23,2024-06-13,141.11780715986893,165.87118530273438,3.6462164966535693,0.025838103426046432,,N/A,0.1754093168045259
AVGO,2024-03-07,2024-02-16,2024-03-08,123.85591734871772,128.7430877685547,3.3982351420641104,0.02743700272709895,,N/A,0.03945851376706597
AVGO,2023-12-07,2023-11-17,2023-12-08,93.83081825290161,92.4687271118164,2.2301290956297755,0.023767554596176736,,N/A,-0.014516458093906483
AVGO,2023-08-31,2023-08-11,2023-09-01,81.22639861022074,84.97698974609375,2.100552517683881,0.025860465976877228,,N/A,0.04617453438839366
AVGO,2023-06-01,2023-05-12,2023-06-02,60.875244567212945,78.66368865966797,1.344645161499343,0.022088538141554526,,N/A,0.2922114599936372
AVGO,2023-03-02,2023-02-10,2023-03-03,57.35559505517071,60.861507415771484,1.2760881323806987,0.02224871228610254,,N/A,0.0611258998747797
AVGO,2022-12-08,2022-11-18,2022-12-09,49.303343608597096,51.95991516113281,1.6278698615799243,0.03301743335103281,,N/A,0.05388217832902688
AVGO,2022-09-01,2022-08-12,2022-09-02,51.820128674881026,47.318359375,1.2365588908398522,0.023862520654821417,,N/A,-0.0868729857489371
AVGO,2022-05-26,2022-05-06,2022-05-27,53.93932372079669,54.721763610839844,2.0576145076957095,0.03814683547658907,,N/A,0.014505926957728524
AVGO,2022-03-03,2022-02-11,2022-03-04,55.10716293006696,55.53861618041992,2.1520247142525895,0.03905163321478895,,N/A,0.00782934971449155
AVGO,2021-12-09,2021-11-19,2021-12-10,53.36054777679121,58.49030685424805,0.8508138316542591,0.015944623267610356,,N/A,0.09613392836435596
AVGO,2021-09-02,2021-08-13,2021-09-03,44.36208051229859,45.7473258972168,0.6868486765650849,0.015482787746500491,,N/A,0.03122588861751361
AVGO,2021-06-03,2021-05-14,2021-06-04,39.80191422766175,43.32343673706055,1.1630854724117812,0.02922184761665191,,N/A,0.08847620969323614
CAT,2025-04-30,2025-04-10,2025-05-01,295.2583376715886,313.9599914550781,15.882102266272804,0.05379052930907654,,N/A,0.06333996841874483
CAT,2025-01-30,2025-01-10,2025-01-31,354.8145443631224,369.6601257324219,6.98280021441628,0.019680140866125205,,N/A,0.041840396920443786
CAT,2024-10-30,2024-10-10,2024-10-31,390.44702122831296,373.02978515625,9.024170457335313,0.023112406976357622,,N/A,-0.04460844909834329
CAT,2024-08-06,2024-07-17,2024-08-07,353.23212214564956,321.89794921875,7.190342447412315,0.020355856663702557,,N/A,-0.08870703133272635
CAT,2024-04-25,2024-04-05,2024-04-26,365.21453906386904,337.8913269042969,7.032558181721653,0.019255964452422288,,N/A,-0.07481414138004472
CAT,2024-02-05,2024-01-16,2024-02-06,281.9238918649701,316.408203125,5.35221818858156,0.018984620825059594,,N/A,0.12231780368776439
CAT,2023-10-31,2023-10-11,2023-11-01,265.57127649279875,226.24765014648438,5.710999487504716,0.021504582735473562,,N/A,-0.14807183542449356
CAT,2023-08-01,2023-07-12,2023-08-02,246.83379240302563,279.2027893066406,4.990698550849932,0.020218862669748282,,N/A,0.13113681311010894
CAT,2023-04-27,2023-04-07,2023-04-28,204.35530327734915,211.3868865966797,5.603435388128217,0.027420063478965778,,N/A,0.03440861678929534
CAT,2023-01-31,2023-01-11,2023-02-01,240.51056678020103,239.78382873535156,4.9183345743457005,0.020449557124201084,,N/A,-0.003021647051015534
CAT,2022-10-27,2022-10-07,2022-10-28,167.88147776351425,209.76416015625,5.363348570809344,0.03194723231090692,,N/A,0.24947768479697124
CAT,2022-08-02,2022-07-13,2022-08-03,162.50321242407904,173.7239227294922,6.043919566597235,0.03719261592702934,,N/A,0.06904915993987151
CAT,2022-04-28,2022-04-08,2022-04-29,202.60783854891105,198.62657165527344,4.079577020360988,0.02013533656732707,,N/A,-0.019650112859165132
CAT,2022-01-28,2022-01-08,2022-01-29,207.8991850340677,188.87158203125,4.1473097950593045,0.0199486582613573,,N/A,-0.09152322073653013
CAT,2021-10-28,2021-10-08,2021-10-29,181.9466771063588,190.62252807617188,4.074084507342263,0.02239164007903654,,N/A,0.04768348126930349
CAT,2021-07-30,2021-07-10,2021-07-31,199.5536363856627,192.12193298339844,4.492041240156469,0.02251044541967168,,N/A,-0.037241633562124454
CMI,2025-05-05,2025-04-15,2025-05-06,286.2617422061718,296.6526184082031,16.691485743590672,0.058308475365768955,,N/A,0.0362985152048282
CMI,2025-02-04,2025-01-15,2025-02-05,364.50278240260366,366.0762939453125,5.792191065057271,0.01589066351394715,,N/A,0.004316871142483776
CMI,2024-11-05,2024-10-16,2024-11-06,328.58260841002544,350.58197021484375,5.1136891130311835,0.015562872112360888,,N/A,0.06695230131403108
CMI,2024-08-01,2024-07-12,2024-08-02,276.7036338977662,284.2312927246094,6.199881651279128,0.022406216947515045,,N/A,0.027204770392080926
CMI,2024-05-02,2024-04-12,2024-05-03,293.70057159564277,273.2057800292969,4.826882208273454,0.01643470484939657,,N/A,-0.06978124507895901
CMI,2024-02-06,2024-01-17,2024-02-07,224.81610452309707,239.9102020263672,3.715169053032647,0.016525368860534455,,N/A,0.06713975199992574
CMI,2023-11-02,2023-10-13,2023-11-03,218.30119937172344,216.7753143310547,4.113654677113161,0.018843939881926286,,N/A,-0.006989815195978269
CMI,2023-08-03,2023-07-14,2023-08-04,242.19491452417063,225.34918212890625,4.963456404633367,0.02049364419721547,,N/A,-0.06955444307474591
CMI,2023-05-02,2023-04-12,2023-05-03,218.50674857060983,212.30177307128906,5.600260236199615,0.02562969003398953,,N/A,-0.02839718013247379
CMI,2023-02-06,2023-01-17,2023-02-07,237.8039367479891,236.54443359375,4.650000183740965,0.01955392432661351,,N/A,-0.005296393203001712
CMI,2022-11-03,2022-10-14,2022-11-04,210.12939761383427,222.6454315185547,6.600947206541392,0.03141372545440927,,N/A,0.059563459691260257
CMI,2022-08-02,2022-07-13,2022-08-03,184.16928078403157,202.01754760742188,5.840306597437329,0.03171162189793225,,N/A,0.09691229040699952
CMI,2022-05-03,2022-04-13,2022-05-04,176.6255726470518,192.27467346191406,4.77051716932798,0.027009209922624466,,N/A,0.0886004250705736
CMI,2022-02-03,2022-01-14,2022-02-04,214.31536475602758,209.19081115722656,4.338857121216519,0.020245198593930903,,N/A,-0.023911274885189432
CMI,2021-11-02,2021-10-13,2021-11-03,210.12889698386303,214.1392364501953,4.920358687400916,0.023415906893466336,,N/A,0.01908514023485432
CMI,2021-08-03,2021-07-14,2021-08-04,219.06372987479975,208.8245086669922,4.115187518919981,0.018785343978539537,,N/A,-0.046740832969745946
CRM,2025-02-26,2025-02-06,2025-02-27,336.9505649903077,294.4373474121094,11.351443559242187,0.033688750631917494,,N/A,-0.12617048907284434
CRM,2024-12-03,2024-11-13,2024-12-04,344.5648111392196,366.874267578125,8.74127253272558,0.025369022750247452,,N/A,0.06474676379501611
CRM,2024-08-28,2024-08-08,2024-08-29,242.2013769354783,255.91259765625,8.625150319364307,0.03561148342134331,,N/A,0.0566108289484429
CRM,2024-05-29,2024-05-09,2024-05-30,270.5866663454638,216.74172973632812,5.815968185268665,0.02149392009524702,,N/A,-0.19899331085438887
CRM,2024-02-28,2024-02-08,2024-02-29,287.24175407137926,306.6229248046875,5.219739644352749,0.018171939038694386,,N/A,0.0674733755054707
CRM,2023-11-29,2023-11-09,2023-11-30,212.05056960729195,250.10784912109375,4.46373299795458,0.021050323072563357,,N/A,0.17947265873551843
CRM,2023-08-30,2023-08-10,2023-08-31,206.6989080972594,219.88442993164062,4.40770255343056,0.021324266267321423,,N/A,0.06379096027046724
CRM,2023-05-31,2023-05-11,2023-06-01,201.46638648489727,211.38531494140625,4.641033473073496,0.02303626701232072,,N/A,0.049233664382284145
CRM,2023-03-01,2023-02-09,2023-03-02,172.0968607085875,185.2624969482422,5.287114496288197,0.030721737017858186,,N/A,0.07650131551178097
CRM,2022-11-30,2022-11-10,2022-12-01,149.925707466468,145.95419311523438,6.531768783960678,0.04356670309807647,,N/A,-0.026489882344706502
CRM,2022-08-24,2022-08-04,2022-08-25,187.21848388529483,172.6727294921875,6.5920508356909755,0.03521047013568275,,N/A,-0.07769400804473577
CRM,2022-05-31,2022-05-11,2022-06-01,164.32255160402727,174.81736755371094,8.389874738712576,0.051057354312084295,,N/A,0.06386716763608519
CRM,2022-03-01,2022-02-09,2022-03-02,219.56670571307717,208.8931884765625,9.71467298065039,0.04424474534561364,,N/A,-0.0486117291865848
CRM,2021-11-30,2021-11-10,2021-12-01,304.38892910965865,249.71070861816406,5.512648031535925,0.018110540510328312,,N/A,-0.1796327502824398
CRM,2021-08-25,2021-08-05,2021-08-26,242.93921791317382,265.88482666015625,4.551668047918396,0.01873583066174666,,N/A,0.09444999841558378
CRM,2021-05-27,2021-05-07,2021-05-28,218.94118230979177,236.40603637695312,5.23463523369099,0.02390886528731822,,N/A,0.0797696161266243
CSCO,2025-05-14,2025-04-24,2025-05-15,55.29999923706055,64.26000213623047,2.232142857142857,0.040364247521488865,,N/A,0.16202537111727794
CSCO,2025-02-12,2025-01-23,2025-02-13,61.3901313441744,63.416603088378906,0.8587303024985725,0.013988083812432852,,N/A,0.033009731366160505
CSCO,2024-11-13,2024-10-24,2024-11-14,55.62702007375643,57.146453857421875,0.800591554379219,0.014392134493591544,,N/A,0.027314671568795447
CSCO,2024-08-14,2024-07-25,2024-08-15,46.38287683061939,47.518707275390625,0.797316697920469,0.017189893176141353,,N/A,0.024488141365596044
CSCO,2024-05-15,2024-04-25,2024-05-16,47.35777175648565,46.93060302734375,0.8127347784573377,0.017161592454907545,,N/A,-0.009020034374471943
CSCO,2024-02-14,2024-01-25,2024-02-15,49.834046040689906,47.24363327026367,0.6376283624141637,0.012795034982580682,,N/A,-0.05198078374593828
CSCO,2023-11-15,2023-10-26,2023-11-16,49.5639294335108,45.90420150756836,0.7596549397926117,0.015326769860159621,,N/A,-0.07383853475241317
CSCO,2023-08-16,2023-07-27,2023-08-17,50.849760400144525,51.921783447265625,0.8463657802990942,0.01664443988799382,,N/A,0.02108216516037021
CSCO,2023-05-17,2023-04-27,2023-05-18,44.04570053493919,45.3827018737793,0.8278904563021661,0.018796169574949614,,N/A,0.030354866027832363
CSCO,2023-02-15,2023-01-26,2023-02-16,44.9976229180503,47.65168762207031,0.8524258329832176,0.018943796976468204,,N/A,0.05898233133011493
CSCO,2022-11-16,2022-10-27,2022-11-17,41.50726853854775,43.19462966918945,1.0059281822202462,0.02423498865713223,,N/A,0.04065218430537424
CSCO,2022-08-17,2022-07-28,2022-08-18,41.22630863257128,45.35078430175781,0.8569130062370931,0.02078558655043105,,N/A,0.10004474826853513
CSCO,2022-05-18,2022-04-28,2022-05-19,45.09190806286915,37.98171615600586,1.1965205400204972,0.026535149906547643,,N/A,-0.15768221422233775
CSCO,2022-02-16,2022-01-27,2022-02-17,50.19235223229642,50.42744827270508,1.3014077070649748,0.025928406404264512,,N/A,0.004683901629487353
CSCO,2021-11-17,2021-10-28,2021-11-18,50.545536293137005,48.2083740234375,0.7435251163745455,0.014710005490148498,,N/A,-0.046238747100143855
CSCO,2021-08-18,2021-07-29,2021-08-19,49.10813042427164,51.13495635986328,0.6753957581954408,0.013753237037540065,,N/A,0.04127271631155158
DELL,2025-02-27,2025-02-07,2025-02-28,106.8348656977304,102.1052017211914,4.725209496070761,0.04422909567219256,,N/A,-0.04427079067914684
DELL,2024-11-26,2024-11-06,2024-11-27,135.96994454483138,123.09440612792969,5.113955836599145,0.037610928310064844,,N/A,-0.09469400359030394
DELL,2024-08-29,2024-08-09,2024-08-30,88.24154170301783,113.94084930419922,6.528727878870592,0.07398701057199811,,N/A,0.29123819807765755
DELL,2024-05-30,2024-05-10,2024-05-31,131.619776627712,137.15267944335938,4.921475511377046,0.037391611180875146,,N/A,0.04203701721282538
DELL,2024-02-29,2024-02-09,2024-03-01,83.45493251437415,121.96656799316406,2.1956300610286994,0.026309170649086888,,N/A,0.4614662587158252
DELL,2023-11-30,2023-11-10,2023-12-01,70.86240521220722,70.10221862792969,1.616427375530019,0.022810789031072327,,N/A,-0.010727642986447477
DELL,2023-08-31,2023-08-11,2023-09-01,54.33846848114612,66.08419799804688,1.486211891783016,0.0273510081039308,,N/A,0.21615864129435633
DELL,2023-06-01,2023-05-12,2023-06-02,43.03958125812437,45.49375915527344,1.0277319785287504,0.02387876341930605,,N/A,0.05702141669154373
DELL,2023-03-02,2023-02-10,2023-03-03,39.96036252600466,37.966163635253906,1.0931979520372015,0.02735705791772511,,N/A,-0.04990442440188086
DELL,2022-11-21,2022-11-01,2022-11-22,36.856360324904486,41.503631591796875,1.194294041569264,0.03240401469491437,,N/A,0.12609143241287846
DELL,2022-08-25,2022-08-05,2022-08-26,41.11567195174227,38.83771896362305,1.1249160942400256,0.027359788636322102,,N/A,-0.055403520847059795
DELL,2022-05-26,2022-05-06,2022-05-27,43.48773024182736,46.1202507019043,1.4511404864479605,0.033368963576126696,,N/A,0.060534786373948976
DELL,2022-02-24,2022-02-04,2022-02-25,54.57504176296315,47.53606414794922,1.6376733960635121,0.030007735095768703,,N/A,-0.12897796112711124
DELL,2021-11-23,2021-11-03,2021-11-24,50.81537232543665,52.930755615234375,1.2505545578906856,0.024609768671609154,,N/A,0.04162880626457261
DELL,2021-08-26,2021-08-06,2021-08-27,46.06098191539926,45.39147186279297,0.6665085123500829,0.01447013252071497,,N/A,-0.014535297007692726
DELL,2021-05-27,2021-05-07,2021-05-28,46.81946600733199,46.182708740234375,0.8123188492852529,0.017350023794761835,,N/A,-0.013600267610867186
DOV,2025-04-24,2025-04-04,2025-04-25,157.9600067138672,169.00999450683594,6.0835723876953125,0.0385133712909702,,N/A,0.06995433858764631
DOV,2025-01-30,2025-01-10,2025-01-31,184.51515829082618,203.1461944580078,3.0569694322458623,0.016567578840474325,,N/A,0.1009729300278737
DOV,2024-10-24,2024-10-04,2024-10-25,190.75064067247754,186.02488708496094,3.2099463115253815,0.01682797132533316,,N/A,-0.02477450964702559
DOV,2024-07-25,2024-07-05,2024-07-26,175.03482910934812,183.7652587890625,3.2540637294902024,0.018590949847229074,,N/A,0.049878242656838795
DOV,2024-04-25,2024-04-05,2024-04-26,171.76340913435226,178.24337768554688,2.581383362347952,0.015028715227285749,,N/A,0.03772612912058602
DOV,2024-02-01,2024-01-12,2024-02-02,146.52447034453115,156.56430053710938,2.0196614058110254,0.013783782333845555,,N/A,0.06851981903753694
DOV,2023-10-24,2023-10-04,2023-10-25,135.22126251888793,127.82200622558594,2.2593691255318293,0.01670868237320471,,N/A,-0.05471962142247007
DOV,2023-07-25,2023-07-05,2023-07-26,142.46709861338843,143.74990844726562,2.6690820237931354,0.018734725770166747,,N/A,0.009004253237151573
DOV,2023-04-26,2023-04-06,2023-04-27,138.82010413831688,141.05426025390625,3.230675681586356,0.02327239056359871,,N/A,0.016093894536797885
DOV,2023-01-31,2023-01-11,2023-02-01,136.442004074786,152.26123046875,2.725196586868473,0.019973296385875056,,N/A,0.11594102931303486
DOV,2022-10-20,2022-09-30,2022-10-21,114.51829369603753,120.95092010498047,3.5567698833220454,0.031058530200970973,,N/A,0.05617116882667554
DOV,2022-07-21,2022-07-01,2022-07-22,117.26805122490694,124.1286849975586,3.3441768976398243,0.02851737419278904,,N/A,0.05850386103452618
DOV,2022-04-21,2022-04-01,2022-04-22,152.2130060026013,137.46656799316406,2.895589278778291,0.019023271104236687,,N/A,-0.09688027584965522
DOV,2022-01-27,2022-01-07,2022-01-28,174.80641132643512,160.04998779296875,3.2332784319023653,0.018496337790863467,,N/A,-0.08441580272424958
DOV,2021-10-19,2021-09-29,2021-10-20,152.37887277887094,161.32151794433594,2.954962717008913,0.019392207483363483,,N/A,0.058686909821431585
DOV,2021-07-20,2021-06-30,2021-07-21,142.17756387164238,156.32476806640625,2.287102923299579,0.016086243574720206,,N/A,0.09950377408024758
ECL,2025-04-29,2025-04-09,2025-04-30,222.22000122070312,251.42999267578125,7.150717599051339,0.03217855080447701,,N/A,0.1314462752885485
ECL,2025-02-11,2025-01-22,2025-02-12,240.4678394689572,261.35382080078125,4.0317094813336904,0.01676610681177662,,N/A,0.08685561186871428
ECL,2024-10-29,2024-10-09,2024-10-30,252.04490958797894,251.2888641357422,3.205416943610428,0.012717642061687993,,N/A,-0.0029996457911912015
ECL,2024-07-30,2024-07-10,2024-07-31,240.27139781231043,228.9759521484375,2.8103903631152605,0.011696732897482102,,N/A,-0.047011195534378325
ECL,2024-04-30,2024-04-10,2024-05-01,220.6262570691858,222.78500366210938,3.0888494335106094,0.014000370919323452,,N/A,0.009784631356215257
ECL,2024-02-13,2024-01-24,2024-02-14,196.5333549094911,214.3129119873047,2.3967139751324202,0.012194947652708475,,N/A,0.09046585036927476
ECL,2023-10-31,2023-10-11,2023-11-01,167.70750822537798,164.68389892578125,3.020107192942114,0.018008181177454896,,N/A,-0.018029063406829554
ECL,2023-08-01,2023-07-12,2023-08-02,183.12560824857997,181.57411193847656,2.9157121431904147,0.015921924689159494,,N/A,-0.008472306658484143
ECL,2023-05-02,2023-04-12,2023-05-03,162.88361163067248,169.71774291992188,2.7156169164691426,0.01667213103443838,,N/A,0.04195714486455106
ECL,2023-02-14,2023-01-25,2023-02-15,147.90360074640358,159.9735870361328,3.7559221128319416,0.025394392657632915,,N/A,0.08160711591075123
ECL,2022-11-01,2022-10-12,2022-11-02,138.7266884047945,133.4089813232422,4.451083713142966,0.032085273312046664,,N/A,-0.03833225706387233
ECL,2022-07-26,2022-07-06,2022-07-27,154.31497689067444,155.66195678710938,4.7051303546776575,0.030490432292978542,,N/A,0.008728769712282746
ECL,2022-04-26,2022-04-06,2022-04-27,171.92821625942761,164.67640686035156,3.982472175800816,0.02316357525510266,,N/A,-0.04217928596510058
ECL,2022-02-15,2022-01-26,2022-02-16,183.3595200511608,175.957763671875,6.560239242653984,0.03577801273052827,,N/A,-0.04036745066315936
ECL,2021-10-26,2021-10-06,2021-10-27,203.7684212946638,212.34478759765625,4.436382345903859,0.021771687279691546,,N/A,0.042088790051479134
ECL,2021-07-27,2021-07-07,2021-07-28,199.99061140346348,210.00550842285156,3.380269144826952,0.016902139160960693,,N/A,0.05007683585297868
ENS,2025-05-21,2025-05-01,2025-05-22,86.5,81.27999877929688,2.4800000871930803,0.028670521239226362,,N/A,-0.06034683492142341
ENS,2025-02-05,2025-01-16,2025-02-06,93.79984537970947,96.21366119384766,2.029803138919211,0.02163972798358464,,N/A,0.025733686493478375
ENS,2024-11-06,2024-10-17,2024-11-07,102.52576701013857,95.2330551147461,2.039571901520638,0.019893261577052616,,N/A,-0.07113052755480787
ENS,2024-08-07,2024-07-18,2024-08-08,105.71129306811521,93.21570587158203,2.4302112549081443,0.022989135638916407,,N/A,-0.11820484674689989
ENS,2024-05-22,2024-05-02,2024-05-23,91.0462252058213,106.9122085571289,1.5754216801871155,0.0173035364906747,,N/A,0.1742629451736256
ENS,2024-02-07,2024-01-18,2024-02-08,96.1296901800286,89.77703857421875,2.0747411120833945,0.021582729624925304,,N/A,-0.06608417850835482
ENS,2023-11-08,2023-10-19,2023-11-09,89.23328424409809,83.0038070678711,2.1177963547617034,0.02373325573189104,,N/A,-0.06981113862385954
ENS,2023-08-09,2023-07-20,2023-08-10,111.45261238738324,89.42562103271484,1.8725735134316608,0.016801521950181236,,N/A,-0.19763548725181712
ENS,2023-05-24,2023-05-04,2023-05-25,80.06871927293048,94.4606704711914,1.6163262713910385,0.020186738167766394,,N/A,0.17974499066486926
ENS,2023-02-08,2023-01-19,2023-02-09,77.23050263605481,89.0737075805664,2.114504983615259,0.027379143103337895,,N/A,0.15334880054221783
ENS,2022-11-09,2022-10-20,2022-11-10,58.96747421571485,74.84070587158203,2.2794733821754556,0.03865645277321333,,N/A,0.2691862228624498
ENS,2022-08-10,2022-07-21,2022-08-11,60.48130258555211,67.15813446044922,1.8359528847489146,0.03035571005025759,,N/A,0.11039497480155273
ENS,2022-05-25,2022-05-05,2022-05-26,65.94761256223968,67.69715881347656,2.212600132293614,0.03355087540440403,,N/A,0.02652933416787001
ENS,2022-02-09,2022-01-20,2022-02-10,75.33538605575212,71.28260040283203,1.921125442253229,0.02550097029875835,,N/A,-0.053796573763102776
ENS,2021-11-10,2021-10-21,2021-11-11,75.51870968204814,79.31060028076172,1.7328828320511056,0.022946404134114015,,N/A,0.05021127366553728
ENS,2021-08-11,2021-07-22,2021-08-12,94.75689082540875,90.85736083984375,2.8122734735657184,0.029678828094385053,,N/A,-0.04115299638471622
ETN,2025-05-02,2025-04-12,2025-05-03,267.538396660196,298.66998291015625,18.11477737563833,0.06770907504034325,,N/A,0.1163630590546631
ETN,2025-01-31,2025-01-11,2025-02-01,340.4532063101939,324.1201171875,7.048121575544343,0.02070217417521589,,N/A,-0.047974549277155186
ETN,2024-10-31,2024-10-11,2024-11-01,333.6661706595744,331.6859436035156,5.372753369973286,0.01610218188842069,,N/A,-0.005934755243974399
ETN,2024-08-01,2024-07-12,2024-08-02,326.3796111917729,276.5567932128906,6.256229603992572,0.019168567488477582,,N/A,-0.15265297301186978
ETN,2024-04-30,2024-04-10,2024-05-01,304.0078984389895,306.98895263671875,6.536240781938789,0.02150023343308144,,N/A,0.009805844562053362
ETN,2024-02-01,2024-01-12,2024-02-02,239.57346015571616,264.9068298339844,3.3437351440051413,0.013957034897904824,,N/A,0.10574363980802472
ETN,2023-10-31,2023-10-11,2023-11-01,209.29465542646574,209.86123657226562,5.032977585694817,0.024047329710543516,,N/A,0.0027070980128250407
ETN,2023-08-01,2023-07-12,2023-08-02,199.4653064691387,212.96083068847656,3.2491272194470446,0.01628918470566083,,N/A,0.06765850391845402
ETN,2023-05-02,2023-04-12,2023-05-03,155.82436659402728,166.86962890625,3.516035137913899,0.022564090679568133,,N/A,0.07088276726963497
ETN,2023-02-08,2023-01-19,2023-02-09,150.62818860200662,161.12796020507812,3.17126032030317,0.021053564739348683,,N/A,0.06970655161242266
ETN,2022-11-01,2022-10-12,2022-11-02,130.85283868168713,144.33682250976562,3.800533351502818,0.029044332471441472,,N/A,0.10304693397504092
ETN,2022-08-02,2022-07-13,2022-08-03,118.78158381294082,141.73342895507812,3.1004607513316245,0.026102200794142303,,N/A,0.1932273034705636
ETN,2022-05-03,2022-04-13,2022-05-04,133.22308827054732,142.083740234375,3.314128823366145,0.024876535039000634,,N/A,0.0665098826251018
ETN,2022-02-04,2022-01-15,2022-02-05,159.22928916157952,142.32046508789062,2.987790459994252,0.018764075853923846,,N/A,-0.10619166965275147
ETN,2021-11-02,2021-10-13,2021-11-03,142.97743042128045,159.05255126953125,2.782410810681118,0.019460489690455298,,N/A,0.112431177430492
ETN,2021-08-03,2021-07-14,2021-08-04,144.54035859315312,151.17274475097656,2.648300147201474,0.01832221929555199,,N/A,0.04588605025183343
FTNT,2025-05-07,2025-04-17,2025-05-08,96.83000183105469,97.73999786376953,5.271427699497768,0.05444002478379743,,N/A,0.009397872720301816
FTNT,2025-02-06,2025-01-17,2025-02-07,96.08999633789062,107.66000366210938,2.587141854422433,0.026924153949647516,,N/A,0.12040803169077044
FTNT,2024-11-07,2024-10-18,2024-11-08,80.51000213623047,92.04000091552734,1.6692864554268974,0.020733901517010375,,N/A,0.1432120043890576
FTNT,2024-08-06,2024-07-17,2024-08-07,58.4900016784668,69.93000030517578,1.2978572845458984,0.022189387028581795,,N/A,0.19558896047904614
FTNT,2024-05-02,2024-04-12,2024-05-03,67.47000122070312,58.880001068115234,2.1142845153808594,0.0313366603991122,,N/A,-0.12731584403695037
FTNT,2024-02-06,2024-01-17,2024-02-07,61.20000076293945,70.02999877929688,1.4778575897216797,0.024147999531016637,,N/A,0.14428101154051873
FTNT,2023-11-02,2023-10-13,2023-11-03,56.61000061035156,50.47999954223633,1.5764285496303014,0.02784717422069838,,N/A,-0.10828477304404617
FTNT,2023-08-03,2023-07-14,2023-08-04,78.55000305175781,56.77000045776367,1.992856706891741,0.025370549070235133,,N/A,-0.27727564287480627
FTNT,2023-05-04,2023-04-14,2023-05-05,68.2699966430664,64.58999633789062,1.3307140895298548,0.019491931374878778,,N/A,-0.05390362510805143
FTNT,2023-02-07,2023-01-18,2023-02-08,50.68000030517578,59.63999938964844,1.8578570229666573,0.03665858349998709,,N/A,0.17679556098103655
FTNT,2022-11-02,2022-10-13,2022-11-03,46.459999084472656,45.93000030517578,2.1392854963030135,0.04604574985921559,,N/A,-0.011407636455894923
FTNT,2022-08-03,2022-07-14,2022-08-04,58.290000915527344,52.61000061035156,2.511428560529436,0.04308506641077166,,N/A,-0.09744381911071025
FTNT,2022-05-04,2022-04-14,2022-05-05,68.56999969482422,56.90399932861328,2.2458583286830356,0.032752783122041586,,N/A,-0.17013271719602338
FTNT,2022-02-03,2022-01-14,2022-02-04,61.04999923706055,62.86600112915039,3.0221424102783203,0.0495027428017349,,N/A,0.029746141110308738
FTNT,2021-11-04,2021-10-15,2021-11-05,62.992000579833984,68.23799896240234,1.7879998343331474,0.0283845538778705,,N/A,0.08328039011746824
FTNT,2021-07-29,2021-07-09,2021-07-30,50.922000885009766,54.448001861572266,1.1815711430140905,0.02320354900590556,,N/A,0.0692431741738662
GE,2025-04-22,2025-04-02,2025-04-23,199.47999572753906,193.67999267578125,5.365001133510044,0.026894933068064945,,N/A,-0.029075612472339238
GE,2025-01-23,2025-01-03,2025-01-24,168.90573855661876,196.38461303710938,3.832200225131394,0.02268839565712449,,N/A,0.16268763107346673
GE,2024-10-22,2024-10-02,2024-10-23,184.92412484819977,181.0576171875,4.330644199035136,0.02341849232808358,,N/A,-0.020908616784714812
GE,2024-07-23,2024-07-03,2024-07-24,160.80580241889035,161.49591064453125,4.641847445158591,0.028866168852954892,,N/A,0.0042915629614110815
GE,2024-04-23,2024-04-03,2024-04-24,136.98957964573304,158.1336669921875,4.26630290899089,0.03114326593324777,,N/A,0.15434814385980963
GE,2024-01-23,2024-01-03,2024-01-24,99.01757513100824,102.82412719726562,1.6397341769810285,0.016560031638944175,,N/A,0.03844319618230406
GE,2023-10-24,2023-10-04,2023-10-25,85.39177328362203,87.94633483886719,1.7817703120910562,0.02086583102300788,,N/A,0.02991578060758129
GE,2023-07-25,2023-07-05,2023-07-26,85.46475056195804,90.66500091552734,1.6601295828364206,0.019424728580151915,,N/A,0.06084672709363796
GE,2023-04-25,2023-04-05,2023-04-26,75.0087109522231,75.98007202148438,1.6663332499116785,0.022215196458622678,,N/A,0.012949976835090358
GE,2023-01-24,2023-01-04,2023-01-25,53.97549736712655,63.743324279785156,1.383024595684552,0.025623193173702458,,N/A,0.18096779815145606
GE,2022-10-25,2022-10-05,2022-10-26,41.03640051481334,46.4328498840332,1.2814351253584821,0.031226791562673953,,N/A,0.1315039648097755
GE,2022-07-26,2022-07-06,2022-07-27,37.83280618818326,43.99078369140625,1.5631087317573003,0.04131622497105497,,N/A,0.1627681931018476
GE,2022-04-26,2022-04-06,2022-04-27,54.85844325886076,48.0080451965332,1.216709101184208,0.022179067230233235,,N/A,-0.12487408784100117
GE,2022-01-25,2022-01-05,2022-01-26,61.1628399069547,54.77854537963867,1.3590999620627215,0.022221008117515175,,N/A,-0.10438191779564644
GE,2021-10-26,2021-10-06,2021-10-27,63.52968898791549,63.633846282958984,1.7225735470155736,0.027114465291074204,,N/A,0.0016395058232270773
GE,2021-07-27,2021-07-07,2021-07-28,63.08847965694071,64.3130111694336,1.67532252085275,0.02655512591146169,,N/A,0.01940974832729486
GNRC,2025-04-30,2025-04-10,2025-05-01,111.66999816894531,112.66999816894531,7.754997798374721,0.06944566961165524,,N/A,0.008954956715295205
GNRC,2025-02-12,2025-01-23,2025-02-13,155.2899932861328,146.8300018310547,4.566429138183594,0.029405817088095462,,N/A,-0.05447866456848891
GNRC,2024-10-31,2024-10-11,2024-11-01,166.0,168.91000366210938,6.440715244838169,0.03879948942673596,,N/A,0.01753014254282756
GNRC,2024-07-31,2024-07-11,2024-08-01,145.6999969482422,145.5,4.01214599609375,0.02753703555339817,,N/A,-0.001372662679692667
GNRC,2024-05-01,2024-04-11,2024-05-02,138.0800018310547,128.66000366210938,4.64642824445452,0.03365026204257713,,N/A,-0.0682213068078532
GNRC,2024-02-14,2024-01-25,2024-02-15,114.77999877929688,120.68000030517578,4.130714416503906,0.03598810298340038,,N/A,0.05140269723493936
GNRC,2023-11-01,2023-10-12,2023-11-02,107.75,99.36000061035156,3.828571319580078,0.03553198440445548,,N/A,-0.07786542356982308
GNRC,2023-08-02,2023-07-13,2023-08-03,150.74000549316406,110.7699966430664,6.9778578622000555,0.046290683348266796,,N/A,-0.26515860019595305
GNRC,2023-05-03,2023-04-13,2023-05-04,101.26000213623047,109.02999877929688,4.542857578822544,0.044863297284062825,,N/A,0.076733127386399
GNRC,2023-02-15,2023-01-26,2023-02-16,112.52999877929688,129.91000366210938,5.237143380301339,0.04653997544755028,,N/A,0.15444774790142493
GNRC,2022-11-02,2022-10-13,2022-11-03,142.7100067138672,101.38999938964844,10.97142573765346,0.07687916208742888,,N/A,-0.2895382620720154
GNRC,2022-08-03,2022-07-14,2022-08-04,213.8000030517578,243.58999633789062,9.990715026855469,0.046729255772914396,,N/A,0.1393357944850969
GNRC,2022-05-04,2022-04-14,2022-05-05,269.42999267578125,260.5199890136719,14.213568551199776,0.052754217932610356,,N/A,-0.033069828542924076
GNRC,2022-02-16,2022-01-27,2022-02-17,268.0,302.79998779296875,15.821429661342076,0.05903518530351521,,N/A,0.12985070072003266
GNRC,2021-11-02,2021-10-13,2021-11-03,427.0899963378906,453.3999938964844,16.197851998465403,0.037926086158315296,,N/A,0.06160293564398707
GNRC,2021-07-28,2021-07-08,2021-07-29,417.0899963378906,419.29998779296875,13.292140415736608,0.03186875861910736,,N/A,0.005298596165053499
GOOG,2025-04-24,2025-04-04,2025-04-25,149.89999389648438,163.85000610351562,5.126643589564732,0.034200425605787614,,N/A,0.09306212658463905
GOOG,2025-02-04,2025-01-15,2025-02-05,194.12884726518368,193.0800323486328,4.497018856733967,0.02316512419501958,,N/A,-0.005402674210073304
GOOG,2024-10-29,2024-10-09,2024-10-30,164.48078878674917,175.7401885986328,3.033245213106215,0.018441334307065155,,N/A,0.06845419392097854
GOOG,2024-07-23,2024-07-03,2024-07-24,185.63276432631835,173.7454833984375,3.0419243533884384,0.01638678583723038,,N/A,-0.06403654533196819
GOOG,2024-04-25,2024-04-05,2024-04-26,150.9649689349857,172.87118530273438,3.602721068726183,0.023864616368567758,,N/A,0.14510794472579105
GOOG,2024-01-30,2024-01-10,2024-01-31,141.8481513461947,141.1315460205078,2.43482383825545,0.01716500225873947,,N/A,-0.005051918681251879
GOOG,2023-10-24,2023-10-04,2023-10-25,133.02992750094924,126.07286071777344,2.9325370228062897,0.022044190190101128,,N/A,-0.052297004996309286
GOOG,2023-07-25,2023-07-05,2023-07-26,119.49401093470217,129.04876708984375,2.8038616589823735,0.02346445346549252,,N/A,0.07996012587076684
GOOG,2023-04-25,2023-04-05,2023-04-26,105.61974389106048,103.95761108398438,2.5108943368701295,0.023772963693795213,,N/A,-0.01573695168954851
GOOG,2023-02-02,2023-01-13,2023-02-03,91.0965267592125,104.72398376464844,2.544732366077785,0.027934460913137275,,N/A,0.14959359582891904
GOOG,2022-10-25,2022-10-05,2022-10-26,100.21533489370934,94.37300872802734,2.9566378401629123,0.02950284847422592,,N/A,-0.058297726309835714
GOOG,2022-07-26,2022-07-06,2022-07-27,113.55415321022511,113.06448364257812,4.221846889546848,0.03717914994910716,,N/A,-0.0043122118725190915
GOOG,2022-04-26,2022-04-06,2022-04-27,138.50548706887457,114.47827911376953,2.9319372730380673,0.02116838354266863,,N/A,-0.17347477319188834
GOOG,2022-02-01,2022-01-12,2022-02-02,140.8871899997457,147.338623046875,2.7691809064308757,0.019655306535930443,,N/A,0.045791480738177535
GOOG,2021-10-26,2021-10-06,2021-10-27,133.99085937299006,145.73721313476562,3.18803244185592,0.023792909880377744,,N/A,0.08766533640236807
GOOG,2021-07-27,2021-07-07,2021-07-28,129.72655626417145,135.73858642578125,1.4877654735116843,0.011468472734927466,,N/A,0.04634386616543704
HD,2025-05-20,2025-04-30,2025-05-21,356.5,370.8399963378906,8.917855398995536,0.02501502215707023,,N/A,0.04022439365467216
HD,2025-02-25,2025-02-05,2025-02-26,412.53204886631795,388.0176086425781,7.701835944927548,0.01866966691701412,,N/A,-0.0594243290699671
HD,2024-11-12,2024-10-23,2024-11-13,395.94897387792184,405.4681396484375,7.381898153275159,0.018643559246982997,,N/A,0.02404139522647326
HD,2024-08-13,2024-07-24,2024-08-14,352.6562148999192,349.4433898925781,7.578743212567665,0.021490456972999745,,N/A,-0.009110359811049481
HD,2024-05-14,2024-04-24,2024-05-15,328.8919125884892,340.21051025390625,5.871855874388176,0.01785345169534486,,N/A,0.03441433866930897
HD,2024-02-20,2024-01-31,2024-02-21,347.15975373876154,353.18310546875,5.581988232953015,0.016079018874847667,,N/A,0.01735037447491983
HD,2023-11-14,2023-10-25,2023-11-15,271.4568897782351,296.9309387207031,5.06783719245943,0.01866903137584596,,N/A,0.09384196865763426
HD,2023-08-15,2023-07-26,2023-08-16,310.84318280340955,318.8275146484375,4.543333197872768,0.01461615840147334,,N/A,0.025686044561181783
HD,2023-05-16,2023-04-26,2023-05-17,280.8094053998242,277.91986083984375,5.218307793588565,0.018583094772622,,N/A,-0.010290056189058991
HD,2023-02-21,2023-02-01,2023-02-22,304.2321106300407,279.61151123046875,7.552119752596058,0.02482354586751613,,N/A,-0.08092702426638874
HD,2022-11-15,2022-10-26,2022-11-16,272.5834588972199,295.3863830566406,7.924774182665077,0.029072835948028623,,N/A,0.08365483456580097
HD,2022-08-16,2022-07-27,2022-08-17,277.908434280413,303.5829162597656,6.4775164353485275,0.023308095891802383,,N/A,0.0923846807522464
HD,2022-05-17,2022-04-27,2022-05-18,279.0258719925758,264.09759521484375,7.924547934830599,0.028400763980199844,,N/A,-0.053501407131627
HD,2022-02-22,2022-02-02,2022-02-23,339.10046060645965,283.9338073730469,10.473525321812945,0.03088620199182776,,N/A,-0.16268527956214132
HD,2021-11-16,2021-10-27,2021-11-17,339.06968233994314,361.96954345703125,4.980452031442472,0.014688579636704854,,N/A,0.06753733025923933
HD,2021-08-17,2021-07-28,2021-08-18,297.72425361142103,293.2823486328125,4.691389066402463,0.015757497111825815,,N/A,-0.014919526792754843
HTCMY,2025-04-25,2025-04-05,2025-04-26,52.93000030517578,58.790000915527344,0.9750003814697266,0.018420562551449405,,N/A,0.11071227237039219
HTCMY,2025-01-27,2025-01-07,2025-01-28,45.31999969482422,50.16999816894531,0.2892853873116629,0.006383172755067358,,N/A,0.10701673668976192
IBM,2025-04-23,2025-04-03,2025-04-24,241.10557426615736,227.8140106201172,6.71602421020116,0.027855117952550176,,N/A,-0.05512756677855804
IBM,2025-01-29,2025-01-09,2025-01-30,220.957782135619,254.86473083496094,4.298991251910595,0.019456165835661624,,N/A,0.1534544217977831
IBM,2024-10-23,2024-10-03,2024-10-24,214.9121811202905,213.82537841796875,3.784916775140835,0.01761145764474999,,N/A,-0.0050569618560311275
IBM,2024-07-24,2024-07-04,2024-07-25,172.65205097743987,186.33763122558594,2.9402539060066784,0.0170299390558116,,N/A,0.07926682695437158
IBM,2024-04-24,2024-04-04,2024-04-25,184.52529074837076,162.33421325683594,2.6875613187493945,0.014564731521893694,,N/A,-0.12026035781618602
IBM,2024-01-24,2024-01-04,2024-01-25,152.59137042119625,181.36294555664062,1.6489890728487637,0.010806568341951957,,N/A,0.18855309481805244
IBM,2023-10-25,2023-10-05,2023-10-26,132.68642644841046,135.37969970703125,2.0730981530022166,0.015624040894704884,,N/A,0.02029803146192921
IBM,2023-07-19,2023-06-29,2023-07-20,122.65830771990481,128.8307647705078,1.9018871290231496,0.015505571244030087,,N/A,0.05032237249431205
IBM,2023-04-19,2023-03-30,2023-04-20,119.54792576641644,116.05773162841797,2.3480015676466297,0.019640671743936133,,N/A,-0.029194936805661768
IBM,2023-01-25,2023-01-05,2023-01-26,129.2392439059948,121.98970031738281,2.6150351914676344,0.020234064456224624,,N/A,-0.05609398019911912
IBM,2022-10-19,2022-09-29,2022-10-20,109.25481666391333,115.0380859375,2.427318068923732,0.02221703484607531,,N/A,0.05293376942251437
IBM,2022-07-18,2022-06-28,2022-07-19,126.5524191210871,115.8912582397461,2.557764581478845,0.02021110777054005,,N/A,-0.08424304296498875
IBM,2022-04-19,2022-03-30,2022-04-20,115.49088575811957,121.01128387451172,1.8447132907293278,0.015972804075577326,,N/A,0.04779942659677829
IBM,2022-01-24,2022-01-04,2022-01-25,117.65189205050007,117.65190124511719,2.011701866283836,0.017098763404674762,,N/A,7.81510348942325e-08
IBM,2021-10-20,2021-09-30,2021-10-21,114.17741706897255,104.65990447998047,1.9037357067644913,0.01667348724147857,,N/A,-0.0833572245135193
IBM,2021-07-19,2021-06-29,2021-07-20,117.1188380326961,112.85366821289062,1.8094992887855292,0.015450113057648086,,N/A,-0.03641745334439512
JNPR,2025-05-01,2025-04-11,2025-05-02,34.70000076293945,36.630001068115234,0.6842861175537109,0.019720060591023016,,N/A,0.055619604113584756
JNPR,2025-02-04,2025-01-15,2025-02-05,38.484685278996295,35.8607292175293,0.2577097474420838,0.006696423410346388,,N/A,-0.06818182459969523
JNPR,2024-10-31,2024-10-11,2024-11-01,38.298367383741144,38.525569915771484,0.18486606885855852,0.004826996070256508,,N/A,0.005932433875152456
JNPR,2024-07-25,2024-07-05,2024-07-26,35.646212388713096,36.58917999267578,0.3627344444586481,0.010175960365806024,,N/A,0.02645351471510796
JNPR,2024-04-25,2024-04-05,2024-04-26,36.16826925243265,33.88395690917969,0.21825053688134485,0.006034309669563895,,N/A,-0.06315791135345307
JNPR,2024-01-30,2024-01-10,2024-01-31,36.24462876713927,35.86616897583008,0.9135671161635719,0.02520558624101141,,N/A,-0.010441817289416296
JNPR,2023-10-26,2023-10-06,2023-10-27,25.417687843088004,25.619874954223633,0.4848343228555037,0.01907468239631198,,N/A,0.007954583138474221
JNPR,2023-07-27,2023-07-07,2023-07-28,29.692646026611328,26.396644592285156,0.5547923475456275,0.01868450346420484,,N/A,-0.1110039647989677
JNPR,2023-04-25,2023-04-05,2023-04-26,32.41069646731076,28.493343353271484,0.587400982008738,0.01812367662636276,,N/A,-0.12086605784575757
JNPR,2023-01-31,2023-01-11,2023-02-01,30.004482829879283,29.185148239135742,0.6020531047458876,0.020065438493288967,,N/A,-0.02730707259275354
JNPR,2022-10-25,2022-10-05,2022-10-26,25.512577491406642,28.066638946533203,0.6822870678695894,0.02674316493891701,,N/A,0.1001098950502685
JNPR,2022-07-26,2022-07-06,2022-07-27,26.05175403177361,25.735971450805664,0.7012143471285689,0.026916204808065666,,N/A,-0.012121355843556838
JNPR,2022-04-26,2022-04-06,2022-04-27,33.28430073912286,29.428194046020508,0.8632106022316621,0.02593446709298091,,N/A,-0.1158536188975672
JNPR,2022-01-27,2022-01-07,2022-01-28,31.595318891578,30.834304809570312,0.5972748206718421,0.018903902274936393,,N/A,-0.024086292169392915
JNPR,2021-10-26,2021-10-06,2021-10-27,25.34708219379088,27.169300079345703,0.5180312219713308,0.02043750905965144,,N/A,0.07189063702177137
JNPR,2021-07-27,2021-07-07,2021-07-28,24.62288176318023,24.414751052856445,0.3904090256052246,0.015855537518318502,,N/A,-0.008452735643437721
LGRVF,2025-05-07,2025-04-17,2025-05-08,98.5999984741211,104.29000091552734,1.2828570774623327,0.01301072106810464,,N/A,0.05770793640427559
LGRVF,2025-02-13,2025-01-24,2025-02-14,108.70999908447266,102.83999633789062,0.9721434456961495,0.008942539360530667,,N/A,-0.053996898132809015
LOW,2025-05-21,2025-05-01,2025-05-22,223.49000549316406,223.75,6.214277538166213,0.02780561718835472,,N/A,0.001163338406396388
LOW,2025-02-26,2025-02-06,2025-02-27,258.7445507926067,244.2112579345703,4.885583355019053,0.018881879212733755,,N/A,-0.05616849828727537
LOW,2024-11-19,2024-10-30,2024-11-20,260.0157547603558,260.510986328125,4.927376591081908,0.018950300129402686,,N/A,0.0019046213881372517
LOW,2024-08-20,2024-07-31,2024-08-21,239.301029655647,239.0347442626953,6.29525650056005,0.026306850871552424,,N/A,-0.0011127632561166597
LOW,2024-05-21,2024-05-01,2024-05-22,223.15904346749485,217.0346221923828,4.0342737773129915,0.018078020566083937,,N/A,-0.027444199347467266
LOW,2024-02-27,2024-02-07,2024-02-28,214.23414235293058,233.2624053955078,4.616546168388751,0.021549068312292755,,N/A,0.08881993707254171
LOW,2023-11-21,2023-11-01,2023-11-22,185.81232305389946,192.90737915039062,3.4669418555039817,0.018658298860502968,,N/A,0.03818399113622333
LOW,2023-08-22,2023-08-02,2023-08-23,222.00518487456688,219.5219268798828,2.913769664921724,0.01312478204762653,,N/A,-0.011185585580296737
LOW,2023-05-23,2023-05-03,2023-05-24,198.47689320343719,195.8321990966797,3.5540041755985357,0.017906387581126185,,N/A,-0.013324947121409789
LOW,2023-03-01,2023-02-09,2023-03-02,205.51795449529575,186.69532775878906,5.46701433167442,0.026601151929037708,,N/A,-0.09158628881223872
LOW,2022-11-16,2022-10-27,2022-11-17,185.87286478777395,198.4014892578125,6.270933061684175,0.03373775439919219,,N/A,0.0674042684194032
LOW,2022-08-17,2022-07-28,2022-08-18,177.5290635221263,204.9694366455078,4.718076624515811,0.026576361813161784,,N/A,0.15456834266441943
LOW,2022-05-18,2022-04-28,2022-05-19,189.8294128173425,176.8741455078125,5.817438785089108,0.030645613336468352,,N/A,-0.06824689133920363
LOW,2022-02-23,2022-02-03,2022-02-24,221.30352254401186,200.1202392578125,7.840710748797093,0.035429669888050554,,N/A,-0.09572049754421111
LOW,2021-11-17,2021-10-28,2021-11-18,217.7348051070737,231.21240234375,3.352093988400349,0.015395306169594322,,N/A,0.06189914024103098
LOW,2021-08-18,2021-07-29,2021-08-19,179.96845244099651,188.66650390625,3.4864866024167775,0.019372765365973453,,N/A,0.0483309788314437
META,2025-04-30,2025-04-10,2025-05-01,575.489990234375,572.2100219726562,35.58715166364397,0.061838002862831185,,N/A,-0.005699435815352661
META,2025-01-29,2025-01-09,2025-01-30,612.8547955325016,686.3893432617188,17.1097727189753,0.027918150993839968,,N/A,0.11998690108204818
META,2024-10-30,2024-10-10,2024-10-31,586.5745352205768,566.6184692382812,12.092338685145917,0.0206151783943343,,N/A,-0.03402136435191683
META,2024-07-31,2024-07-11,2024-08-01,529.4854758280743,496.42315673828125,14.276417000656775,0.026962811356306918,,N/A,-0.06244235318841587
META,2024-04-24,2024-04-04,2024-04-25,514.5428438105827,439.775634765625,12.386957536706499,0.024073714532635647,,N/A,-0.1453080340040285
META,2024-02-01,2024-01-12,2024-02-02,368.42363171070525,472.7618713378906,7.245148867685596,0.01966526640553463,,N/A,0.28320181075983253
META,2023-10-25,2023-10-05,2023-10-26,303.20100691360363,286.9974060058594,8.117467586144276,0.026772561439604083,,N/A,-0.05344177802272746
META,2023-07-26,2023-07-06,2023-07-27,294.50199923617,310.2478332519531,8.421014926544277,0.028594084075440226,,N/A,0.053465966467535216
META,2023-04-26,2023-04-06,2023-04-27,208.26843026535886,237.44091796875,5.622788113833765,0.026997793696671463,,N/A,0.14007157813703167
META,2023-02-01,2023-01-12,2023-02-02,132.8140453994428,187.88450622558594,4.215845446814766,0.03174246695171032,,N/A,0.41464335086335824
META,2022-10-26,2022-10-06,2022-10-27,137.07395980130667,97.4805679321289,5.077498387168183,0.03704203478566015,,N/A,-0.28884692560548864
META,2022-07-27,2022-07-07,2022-07-28,168.65514102381442,159.96607971191406,7.508182024963308,0.044517955274800305,,N/A,-0.05151969432508108
META,2022-04-27,2022-04-07,2022-04-28,222.87955820593345,204.7649383544922,6.876163003413903,0.030851474485877044,,N/A,-0.08127537580052067
META,2022-02-02,2022-01-13,2022-02-03,333.4086439598992,236.6446990966797,9.647386212948785,0.028935621159567555,,N/A,-0.29022626322447065
META,2021-10-25,2021-10-05,2021-10-26,327.0386130729045,314.3285827636719,9.976552733308788,0.030505733373706493,,N/A,-0.03886400504762197
META,2021-07-28,2021-07-08,2021-07-29,344.1082367108411,356.63922119140625,7.152722088389704,0.020786256547529944,,N/A,0.036415822534045086
MMNNF,2025-04-29,2025-04-09,2025-04-30,18.690000534057617,18.690000534057617,0.0,0.0,,N/A,0.0
MMNNF,2025-02-05,2025-01-16,2025-02-06,17.261159896850586,18.690000534057617,0.017124176025390625,0.0009920640401758312,,N/A,0.08277778815244813
MOD,2025-05-20,2025-04-30,2025-05-21,79.1500015258789,93.26000213623047,4.513572147914341,0.05702554720025599,,N/A,0.17826911356076414
MOD,2025-02-04,2025-01-15,2025-02-05,129.0,105.13999938964844,5.309999193464007,0.041162784445457415,,N/A,-0.18496124504148498
MOD,2024-10-29,2024-10-09,2024-10-30,132.64999389648438,120.88999938964844,5.751425606863839,0.043357903290610476,,N/A,-0.08865431623022195
MOD,2024-07-30,2024-07-10,2024-07-31,106.1500015258789,117.66000366210938,4.357855660574777,0.04105375033378922,,N/A,0.10843148347411356
MOD,2024-05-21,2024-05-01,2024-05-22,92.54000091552734,96.75,4.489285060337612,0.04851183289305924,,N/A,0.0454938301580053
MOD,2024-01-30,2024-01-10,2024-01-31,60.880001068115234,69.08999633789062,1.9542860303606306,0.032100624114215916,,N/A,0.1348553732873573
MOD,2023-11-01,2023-10-12,2023-11-02,51.09000015258789,40.36000061035156,2.007856641496931,0.03930038433157503,,N/A,-0.2100215210450105
MOD,2023-08-02,2023-07-13,2023-08-03,35.40999984741211,43.2400016784668,1.3542864663260323,0.0382458760847752,,N/A,0.22112402894085106
MOD,2023-05-24,2023-05-04,2023-05-25,20.8799991607666,24.420000076293945,0.6935714994158063,0.03321702716918797,,N/A,0.16954028054651388
MOD,2023-02-01,2023-01-12,2023-02-02,22.209999084472656,22.65999984741211,0.8592857633318219,0.03868913997085941,,N/A,0.020261178815358685
MOD,2022-11-02,2022-10-13,2022-11-03,13.329999923706055,18.8700008392334,0.6428572109767369,0.048226347686130176,,N/A,0.4156039720356647
MOD,2022-08-03,2022-07-14,2022-08-04,10.789999961853027,14.520000457763672,0.4428572654724121,0.041043305564234474,,N/A,0.3456905013065515
MOD,2022-05-25,2022-05-05,2022-05-26,8.279999732971191,10.850000381469727,0.33357139996119906,0.040286402260728146,,N/A,0.31038656176095275
MOD,2022-02-02,2022-01-13,2022-02-03,10.569999694824219,10.75,0.3892855644226074,0.03682928814210163,,N/A,0.017029357651156932
MOD,2021-11-02,2021-10-13,2021-11-03,12.020000457763672,11.170000076293945,0.4614285060337612,0.03838839338277448,,N/A,-0.07071550325280683
MOD,2021-08-04,2021-07-15,2021-08-05,16.299999237060547,13.960000038146973,0.7171427862984794,0.043996492016266195,,N/A,-0.143558239781584
MPWR,2025-05-01,2025-04-11,2025-05-02,489.69000244140625,636.8900146484375,55.694365247257466,0.11373392344051697,,N/A,0.30059836115327765
MPWR,2025-02-06,2025-01-17,2025-02-07,604.898388993104,718.3124389648438,23.048140658154313,0.03810249965538769,,N/A,0.18749272941613446
MPWR,2024-10-30,2024-10-10,2024-10-31,914.1422511269533,755.6893310546875,27.463736269156186,0.03004317570410834,,N/A,-0.17333507982693638
MPWR,2024-08-01,2024-07-12,2024-08-02,827.9980335822869,790.9057006835938,27.258046560120793,0.032920424269838405,,N/A,-0.04479760989070862
MPWR,2024-05-01,2024-04-11,2024-05-02,666.7616536677319,707.4487915039062,20.500276493915635,0.03074603403052264,,N/A,0.06102201230733941
MPWR,2024-02-07,2024-01-18,2024-02-08,592.9862288189788,730.0723266601562,19.73795438359903,0.03328568763377546,,N/A,0.23117922673213676
MPWR,2023-10-30,2023-10-10,2023-10-31,474.1620283051185,436.8587951660156,15.666186417364388,0.033039732163629425,,N/A,-0.0786719115245108
MPWR,2023-07-31,2023-07-11,2023-08-01,534.5593068377478,542.975830078125,16.15376370352593,0.03021884288028868,,N/A,0.01574478852527356
MPWR,2023-05-04,2023-04-14,2023-05-05,469.1074842819716,405.03399658203125,17.408288766787148,0.037109381858259495,,N/A,-0.13658594212798147
MPWR,2023-02-08,2023-01-19,2023-02-09,384.8667745753432,501.66644287109375,14.842854017132586,0.0385662130317952,,N/A,0.3034807783151085
MPWR,2022-10-27,2022-10-07,2022-10-28,376.4674438593776,340.0945739746094,18.943324388176,0.05031862567975977,,N/A,-0.09661624259428567
MPWR,2022-08-01,2022-07-12,2022-08-02,384.81538506131636,494.96124267578125,17.715578455166703,0.04603656491630112,,N/A,0.2862303896631219
MPWR,2022-05-02,2022-04-12,2022-05-03,397.5207608464844,446.90191650390625,21.396814171990307,0.05382565209029016,,N/A,0.1242228344307582
MPWR,2022-02-10,2022-01-21,2022-02-11,389.6521538157102,413.8724060058594,20.48787836930541,0.05257991818773662,,N/A,0.0621586508709621
MPWR,2021-10-28,2021-10-08,2021-10-29,461.0063194149302,511.9412536621094,13.610820978048386,0.029524152717303475,,N/A,0.1104864122292758
MPWR,2021-07-27,2021-07-07,2021-07-28,376.84466936430266,419.39752197265625,8.748455475112552,0.023215017184322326,,N/A,0.11291881262413975
MSFT,2025-04-30,2025-04-10,2025-05-01,381.3598744812396,424.6204528808594,14.581083086555727,0.038234444843968554,,N/A,0.11343767736043739
MSFT,2025-01-29,2025-01-09,2025-01-30,421.8381668103431,413.4006042480469,8.775546531389617,0.02080311176616475,,N/A,-0.0200018946272582
MSFT,2024-10-30,2024-10-10,2024-10-31,412.81342552487126,403.985107421875,6.196577308842462,0.01501060025110334,,N/A,-0.021385733983267395
MSFT,2024-07-30,2024-07-10,2024-07-31,457.71075666628917,415.16693115234375,6.437078089633259,0.014063637342756284,,N/A,-0.0929491494231226
MSFT,2024-04-25,2024-04-05,2024-04-26,416.06385334615516,402.50250244140625,6.050476156399246,0.014542181705377312,,N/A,-0.03259439818115174
MSFT,2024-01-30,2024-01-10,2024-01-31,372.14568493728495,393.11761474609375,4.96084117879289,0.013330374043243052,,N/A,0.05635408566498103
MSFT,2023-10-24,2023-10-04,2023-10-25,309.87642567835275,336.1640319824219,6.576844460783259,0.021224087783979825,,N/A,0.0848325465434253
MSFT,2023-07-25,2023-07-05,2023-07-26,329.9592374452914,332.5982360839844,6.726828213335884,0.020386846161417803,,N/A,0.007997953502151945
MSFT,2023-04-25,2023-04-05,2023-04-26,280.8592256779027,290.2130432128906,5.962617673384374,0.021229915659678106,,N/A,0.03330429154467275
MSFT,2023-01-24,2023-01-04,2023-01-25,227.65432430054253,235.81845092773438,6.919407662204378,0.030394360763688285,,N/A,0.035861943990195454
MSFT,2022-10-25,2022-10-05,2022-10-26,240.4137692631259,226.07632446289062,6.436427573438037,0.02677229175835413,,N/A,-0.0596365376416662
MSFT,2022-07-26,2022-07-06,2022-07-27,257.225254377165,262.0917663574219,7.206479933669955,0.02801622240055487,,N/A,0.01891926199875062
MSFT,2022-04-26,2022-04-06,2022-04-27,296.9483931362007,275.5716857910156,6.499620645780774,0.02188804787638506,,N/A,-0.07198795426847207
MSFT,2022-01-25,2022-01-05,2022-01-26,316.405930069771,288.1016540527344,7.014697463928887,0.02216993045099398,,N/A,-0.08945558008598388
MSFT,2021-10-26,2021-10-06,2021-10-27,276.98209706368044,313.2209777832031,6.383660924590166,0.023047196884795448,,N/A,0.13083474023662645
MSFT,2021-07-27,2021-07-07,2021-07-28,270.28100037232684,276.87841796875,3.617248498233331,0.013383288108488475,,N/A,0.024409476016941083
NVDA,2025-02-26,2025-02-06,2025-02-27,127.40827329026631,120.13895416259766,8.019974893059967,0.06294704955924298,,N/A,-0.05705531469771524
NVDA,2024-11-20,2024-10-31,2024-11-21,137.57788081150406,146.6464080810547,4.714955646480925,0.03427117512400778,,N/A,0.0659155906171825
NVDA,2024-08-28,2024-08-08,2024-08-29,101.97486813365401,117.56101989746094,8.925655827176955,0.0875279957751795,,N/A,0.15284306858214158
NVDA,2024-05-22,2024-05-02,2024-05-23,84.42125626969049,103.76490783691406,4.347785321220823,0.05150107346580432,,N/A,0.22913247707933562
NVDA,2024-02-21,2024-02-01,2024-02-22,62.07668769492248,78.5085220336914,1.687223021156451,0.027179656064259632,,N/A,0.26470217643575983
NVDA,2023-11-21,2023-11-01,2023-11-22,40.86506257244454,48.69342803955078,1.8195139862040786,0.044524928427027134,,N/A,0.19156621755388997
NVDA,2023-08-23,2023-08-03,2023-08-24,43.776101176403955,47.137264251708984,1.5228111738086365,0.03478635906089912,,N/A,0.07678077729582625
NVDA,2023-05-24,2023-05-04,2023-05-25,27.63305419552841,37.95534896850586,0.8532312235928691,0.03087719575098359,,N/A,0.37354881946592094
NVDA,2023-02-22,2023-02-02,2023-02-23,20.982805922594803,23.644624710083008,0.982980332109264,0.04684694390900154,,N/A,0.12685714185736677
NVDA,2022-11-16,2022-10-27,2022-11-17,13.615356979676683,15.66015911102295,0.7313565019377753,0.05371555832354992,,N/A,0.1501835122206853
NVDA,2022-08-24,2022-08-04,2022-08-25,18.823158426576263,17.888442993164062,0.8349963881843357,0.04436005739639375,,N/A,-0.04965773608389142
NVDA,2022-05-25,2022-05-05,2022-05-26,19.835572309102805,17.822755813598633,1.3168412893548331,0.06638786463199337,,N/A,-0.10147509051606562
NVDA,2022-02-16,2022-01-27,2022-02-17,23.52670498128017,24.46405792236328,1.5713136989742438,0.06678851544338714,,N/A,0.039842083361395046
NVDA,2021-11-17,2021-10-28,2021-11-18,24.831373035409772,31.615629196166992,0.6524176954043115,0.026273927522008456,,N/A,0.2732130901937161
NVDA,2021-08-18,2021-07-29,2021-08-19,19.478978580361467,19.75740623474121,0.7232287014255984,0.037128676867828746,,N/A,0.014293750220581495
NVT,2025-05-02,2025-04-12,2025-05-03,48.631371817750676,59.619998931884766,3.9366118371787557,0.08094799077294122,,N/A,0.22595758053699794
NVT,2025-02-06,2025-01-17,2025-02-07,72.03541253557785,67.63157653808594,1.91001195121855,0.02651490265673438,,N/A,-0.06113432050266781
NVT,2024-11-05,2024-10-16,2024-11-06,73.3093947545387,76.57289123535156,1.8125915324850175,0.024725228445195927,,N/A,0.0445167565731514
NVT,2024-08-06,2024-07-17,2024-08-07,78.37126085046607,60.17772674560547,2.4487494944588803,0.03124550336291186,,N/A,-0.23214548174201546
NVT,2024-05-03,2024-04-13,2024-05-04,72.91394042217865,75.0201187133789,1.8592940609256863,0.025499843379197404,,N/A,0.028885810847764894
NVT,2024-02-06,2024-01-17,2024-02-07,54.49673456335445,63.07377243041992,1.0942298674880893,0.020078815295180796,,N/A,0.15738627159567423
NVT,2023-10-27,2023-10-07,2023-10-28,50.347618587732384,45.0831298828125,1.4092694173806681,0.02799078599765289,,N/A,-0.1045628145400033
NVT,2023-07-28,2023-07-08,2023-07-29,48.26346418000468,52.100284576416016,1.057573043679566,0.021912497613830906,,N/A,0.07949740992692583
NVT,2023-02-07,2023-01-18,2023-02-08,38.74526069800123,43.438621520996094,0.747312571423795,0.01928784470567124,,N/A,0.12113380419807009
NVT,2022-10-28,2022-10-08,2022-10-29,31.676679825683618,35.406822204589844,0.9831499315280541,0.031037025879552912,,N/A,0.11775673458939366
NVT,2022-07-29,2022-07-09,2022-07-30,30.05065195098308,33.98672866821289,0.8207080545973187,0.02731082360329523,,N/A,0.13098140844498532
NVT,2022-04-29,2022-04-09,2022-04-30,32.78420197849697,32.33867263793945,0.8425718036989134,0.025700543336438477,,N/A,-0.01358975706804559
NVT,2022-02-08,2022-01-19,2022-02-09,35.38391355633408,34.156166076660156,1.0249881043722577,0.028967629675569748,,N/A,-0.03469789958985878
NVT,2021-10-28,2021-10-08,2021-10-29,30.517527053789326,33.610931396484375,0.8311754177894287,0.02723600166961178,,N/A,0.10136484313564144
NVT,2021-08-03,2021-07-14,2021-08-04,29.002189978244505,31.36628532409668,0.7877791381798899,0.027162746632955266,,N/A,0.08151437348784901
NVT,2021-04-29,2021-04-09,2021-04-30,26.277167595017254,28.552106857299805,0.76036392595175,0.02893629700394087,,N/A,0.08657475178998862
NVT,2021-02-09,2021-01-20,2021-02-10,22.33153526119685,21.392728805541992,0.7198817157889182,0.032236105013334244,,N/A,-0.042039494583523955
ORCL,2025-03-10,2025-02-18,2025-03-11,176.11734712972253,143.66392517089844,4.8860170503024465,0.0277429630296643,,N/A,-0.18427158078255584
ORCL,2024-12-09,2024-11-19,2024-12-10,183.77650003105927,176.66957092285156,4.400482968033701,0.02394475336775918,,N/A,-0.03867158808121059
ORCL,2024-09-09,2024-08-20,2024-09-10,136.68264957032315,154.603515625,3.158710885959408,0.023109816029241174,,N/A,0.13111295479721127
ORCL,2024-06-11,2024-05-22,2024-06-12,123.25349099786074,138.82955932617188,1.8917300452536188,0.015348287743723647,,N/A,0.1263742568442259
ORCL,2024-03-11,2024-02-20,2024-03-12,108.96746778445778,125.72562408447266,2.156729252906539,0.019792414165048233,,N/A,0.15379045361651617
ORCL,2023-12-11,2023-11-21,2023-12-12,115.09659132233703,98.99229431152344,2.036882265439568,0.017697155424308955,,N/A,-0.13991984320119655
ORCL,2023-09-11,2023-08-22,2023-09-12,114.97047698680966,107.24120330810547,2.3963519283161756,0.020843193758264607,,N/A,-0.0672283344496427
ORCL,2023-06-12,2023-05-23,2023-06-13,98.53993080641472,113.75918579101562,1.5446263389627524,0.015675131150611695,,N/A,0.15444759155047197
ORCL,2023-03-09,2023-02-17,2023-03-10,84.66261387744619,81.62370300292969,1.5978286492084968,0.01887289531978592,,N/A,-0.03589436630099201
ORCL,2022-12-12,2022-11-22,2022-12-13,77.27556865376147,77.92363739013672,1.8385138243200256,0.023791657005561666,,N/A,0.00838646350541874
ORCL,2022-09-12,2022-08-23,2022-09-13,73.37748766576284,73.1753921508789,1.121113329873428,0.01527870966337987,,N/A,-0.002754189620180086
ORCL,2022-06-13,2022-05-24,2022-06-14,66.74685205604735,67.7528076171875,2.04747519112789,0.030675232285241327,,N/A,0.015071206059207913
ORCL,2022-03-10,2022-02-18,2022-03-11,72.05039605428216,74.26438903808594,1.7784275708870791,0.02468310610738665,,N/A,0.030728394360744024
ORCL,2021-12-09,2021-11-19,2021-12-10,90.14324678511015,97.57831573486328,1.63737872591843,0.01816418627367316,,N/A,0.08248059854641551
ORCL,2021-09-13,2021-08-24,2021-09-14,84.52483976480437,81.85294342041016,1.2405237272191596,0.014676439856863309,,N/A,-0.03161078272172927
ORCL,2021-06-15,2021-05-26,2021-06-16,74.18892592024854,72.76347351074219,1.261586638873718,0.017005053290970892,,N/A,-0.019213816507313755
PANW,2025-05-20,2025-04-30,2025-05-21,184.97999572753906,181.25999450683594,6.444285801478794,0.03483774435247971,,N/A,-0.02011028925626311
PANW,2025-02-13,2025-01-24,2025-02-14,187.8300018310547,200.02999877929688,5.59857177734375,0.02980658959040757,,N/A,0.06495233364910245
PANW,2024-11-20,2024-10-31,2024-11-21,182.33999633789062,198.85000610351562,4.4575010027204245,0.024446095712650547,,N/A,0.09054519083696058
PANW,2024-08-19,2024-07-30,2024-08-20,162.6199951171875,184.0050048828125,5.195713588169643,0.031950029173383625,,N/A,0.13150295417371338
PANW,2024-05-20,2024-04-30,2024-05-21,146.47500610351562,155.8300018310547,3.980715070452009,0.02717675306078356,,N/A,0.0638675223602843
PANW,2024-02-20,2024-01-31,2024-02-21,171.11500549316406,130.98500061035156,4.158927917480469,0.024304869730706436,,N/A,-0.23452066501798213
PANW,2023-11-15,2023-10-26,2023-11-16,122.3949966430664,121.1500015258789,4.128928048270089,0.033734451256296434,,N/A,-0.010171944534777093
PANW,2023-08-18,2023-07-29,2023-08-19,123.75,104.84500122070312,3.6467857360839844,0.029468975645123106,,N/A,-0.1527676669034091
PANW,2023-05-23,2023-05-03,2023-05-24,88.50499725341797,102.15499877929688,2.4246422903878346,0.02739554110651303,,N/A,0.15422859668358171
PANW,2023-02-21,2023-02-01,2023-02-22,78.67500305175781,93.875,2.268927437918527,0.02883924181643655,,N/A,0.19319982661128832
PANW,2022-11-17,2022-10-28,2022-11-18,83.94999694824219,83.73999786376953,3.0921429225376675,0.036833151101173606,,N/A,-0.002501478166844095
PANW,2022-08-22,2022-08-02,2022-08-23,83.71666717529297,94.9183349609375,3.023454393659319,0.03611532202217937,,N/A,0.13380451185651648
PANW,2022-05-19,2022-04-29,2022-05-20,97.64833068847656,79.77999877929688,4.038809095110212,0.04136075923299762,,N/A,-0.1829865578161729
PANW,2022-02-22,2022-02-02,2022-02-23,86.14167022705078,79.60166931152344,4.460356576102121,0.051779313825069645,,N/A,-0.07592145471859692
PANW,2021-11-18,2021-10-29,2021-11-19,83.11000061035156,88.38999938964844,2.0466651916503906,0.02462597974515564,,N/A,0.06353024594538671
PANW,2021-08-23,2021-08-03,2021-08-24,66.75499725341797,73.6449966430664,1.404644557407924,0.021041788857777292,,N/A,0.1032132375572176
QCOM,2025-04-30,2025-04-10,2025-05-01,137.00999450683594,135.2100067138672,9.120714460100446,0.06656970166979592,,N/A,-0.013137638604013971
QCOM,2025-02-05,2025-01-16,2025-02-06,164.4632141682338,168.41192626953125,4.082270562950153,0.024821785124388297,,N/A,0.024009697981812534
QCOM,2024-11-06,2024-10-17,2024-11-07,173.76912064297684,171.0876922607422,5.0745201278603576,0.029202657578537114,,N/A,-0.015430983205260474
QCOM,2024-07-31,2024-07-11,2024-08-01,206.73820769082613,161.43731689453125,5.59405600315327,0.027058646128533224,,N/A,-0.21912200604951398
QCOM,2024-05-01,2024-04-11,2024-05-02,168.297764687856,176.56216430664062,3.4599564363327358,0.020558540648177717,,N/A,0.04910581928472267
QCOM,2024-01-31,2024-01-11,2024-02-01,135.58084655933675,137.6389617919922,2.6224365555699234,0.019342234704385165,,N/A,0.015179985115041364
QCOM,2023-11-01,2023-10-12,2023-11-02,108.53523482865451,113.74971771240234,2.4168640414051885,0.022268013196089842,,N/A,0.04804414798549045
QCOM,2023-08-02,2023-07-13,2023-08-03,115.49073792639976,114.23958587646484,2.889330869884823,0.025017857897194695,,N/A,-0.010833354019542706
QCOM,2023-05-03,2023-04-13,2023-05-04,114.74204165951295,101.86762237548828,2.8885210945017343,0.025174043033617702,,N/A,-0.11220315673158746
QCOM,2023-02-02,2023-01-13,2023-02-03,113.82690021203324,128.2666473388672,3.5115424637449,0.030849847067817075,,N/A,0.12685707069186664
QCOM,2022-11-02,2022-10-13,2022-11-03,99.47491344275,98.05895233154297,4.644977341520027,0.0466949623856,,N/A,-0.014234353790334706
QCOM,2022-07-27,2022-07-07,2022-07-28,122.64069284904063,137.47207641601562,5.51618415189548,0.0449784164109819,,N/A,0.12093362506709789
QCOM,2022-04-27,2022-04-07,2022-04-28,130.53323958157068,138.37701416015625,5.69940439712414,0.04366247566821907,,N/A,0.06009024677338192
QCOM,2022-02-02,2022-01-13,2022-02-03,175.47244331890292,166.54542541503906,5.264571149918682,0.03000226730957904,,N/A,-0.05087418705192318
QCOM,2021-11-03,2021-10-14,2021-11-04,116.87459063321263,144.62022399902344,2.7944182456532687,0.023909544671031086,,N/A,0.23739662501051992
QCOM,2021-07-28,2021-07-08,2021-07-29,126.99233640014533,139.2286834716797,2.5166870849775416,0.01981762960126672,,N/A,0.09635500391912113
SBGSF,2025-02-20,2025-01-31,2025-02-21,254.02999877929688,266.2099914550781,10.330716814313616,0.04066731041198413,,N/A,0.047947064261348586
SCTBF,2025-05-08,2025-04-18,2025-05-09,14.800000190734863,15.350000381469727,0.2307142530168806,0.015588800678618434,,N/A,0.037162174570725744
SCTBF,2025-02-06,2025-01-17,2025-02-07,12.899999618530273,12.899999618530273,0.007142884390694755,0.0005537119846448926,,N/A,0.0
SMCI,2025-05-06,2025-04-16,2025-05-07,31.860000610351562,32.47999954223633,3.327857426234654,0.10445252236289686,,N/A,0.019460104206128707
SMCI,2025-04-29,2025-04-09,2025-04-30,32.0,31.860000610351562,3.6300003869192943,0.11343751209122795,,N/A,-0.004374980926513672
SMCI,2025-02-25,2025-02-05,2025-02-26,31.030000686645508,51.11000061035156,2.2821431841169084,0.07354634655548307,,N/A,0.6471156777108277
SMCI,2025-02-11,2025-01-22,2025-02-12,33.97999954223633,39.68000030517578,2.4307141985212053,0.07153367366882644,,N/A,0.16774575749639103
SMCI,2024-08-06,2024-07-17,2024-08-07,84.55000305175781,49.27000045776367,5.662144797188895,0.06696800228052951,,N/A,-0.4172679044422656
SMCI,2024-04-30,2024-04-10,2024-05-01,87.61499786376953,73.83000183105469,6.7731426783970425,0.0773057449470973,,N/A,-0.15733603114559
SMCI,2024-01-29,2024-01-09,2024-01-30,31.83300018310547,51.297000885009766,1.5931430544172014,0.050046902436256084,,N/A,0.6114409760294698
SMCI,2023-11-01,2023-10-12,2023-11-02,31.253000259399414,24.59000015258789,1.6218573706490653,0.05189445356246359,,N/A,-0.21319553487693108
SMCI,2023-08-08,2023-07-19,2023-08-09,32.400001525878906,26.613000869750977,1.7954288210187639,0.05541446717478387,,N/A,-0.1786111229502773
SMCI,2023-05-02,2023-04-12,2023-05-03,10.586999893188477,13.395000457763672,0.6369999476841518,0.06016812639187693,,N/A,0.26523099961319757
SMCI,2023-01-31,2023-01-11,2023-02-01,7.830999851226807,7.973999977111816,0.42878569875444683,0.05475491085436212,,N/A,0.01826077494594861
SMCI,2022-11-01,2022-10-12,2022-11-02,5.5,8.083999633789062,0.2733571529388428,0.04970130053433505,,N/A,0.469818115234375
SMCI,2022-08-09,2022-07-20,2022-08-10,4.425000190734863,6.373000144958496,0.16285710675375803,0.03680386434666169,,N/A,0.44022595938015696
SMCI,2022-05-03,2022-04-13,2022-05-04,3.509999990463257,5.671999931335449,0.14514287880488805,0.04135124763511233,,N/A,0.6159544007824477
SMCI,2022-02-01,2022-01-12,2022-02-02,4.533999919891357,4.38100004196167,0.14971436773027694,0.03302037282212046,,N/A,-0.03374501116739183
SMCI,2021-11-02,2021-10-13,2021-11-03,3.615999937057495,4.186999797821045,0.101357102394104,0.02803017261017513,,N/A,0.15790925627841645
SMNEY,2025-05-08,2025-04-18,2025-05-09,73.83000183105469,84.45999908447266,4.365928649902344,0.05913488475718726,,N/A,0.14397937139081493
SMNEY,2025-04-16,2025-03-27,2025-04-17,61.779998779296875,72.86000061035156,3.2584291185651506,0.05274246006714206,,N/A,0.17934609987023362
SMNEY,2025-02-12,2025-01-23,2025-02-13,58.84000015258789,64.91999816894531,2.416857583182199,0.041075077785768854,,N/A,0.10333103332070628
SMNEY,2025-01-28,2025-01-08,2025-01-29,52.849998474121094,56.68000030517578,1.7504288809640067,0.033120698798527574,,N/A,0.07246928934028472
TT,2025-04-30,2025-04-10,2025-05-01,334.6600036621094,392.6199951171875,16.54642813546317,0.049442502702442236,,N/A,0.17319067358164983
TT,2025-01-30,2025-01-10,2025-01-31,382.62459440883566,361.752197265625,7.371807009058045,0.019266422275984813,,N/A,-0.054550589398099265
TT,2024-10-30,2024-10-10,2024-10-31,394.6787719044107,368.39471435546875,6.420661591015922,0.016268069245363354,,N/A,-0.06659607615103212
TT,2024-07-31,2024-07-11,2024-08-01,338.3637457916925,330.927734375,7.150240376361443,0.021131815879480653,,N/A,-0.021976383431073474
TT,2024-04-30,2024-04-10,2024-05-01,293.32927008217985,311.8851623535156,5.726035511253668,0.01952084600916045,,N/A,0.06325959992378911
TT,2024-02-01,2024-01-12,2024-02-02,244.59908862325574,273.2488098144531,3.693690809569292,0.015100999886628799,,N/A,0.11712930474293459
TT,2023-11-01,2023-10-12,2023-11-02,208.3048973420803,209.682373046875,4.700308610749597,0.022564561230793846,,N/A,0.00661278598041121
TT,2023-08-02,2023-07-13,2023-08-03,189.9688812094465,201.21327209472656,2.9851123084671007,0.015713691050145858,,N/A,0.05919069909604186
TT,2023-05-03,2023-04-13,2023-05-04,170.36987704811264,171.74578857421875,3.9995006303441665,0.02347539776186317,,N/A,0.00807602582067691
TT,2023-02-02,2023-01-13,2023-02-03,174.49249319436322,181.06243896484375,3.726484316710134,0.021356129702148778,,N/A,0.03765173876656354
TT,2022-11-02,2022-10-13,2022-11-03,137.48961307634096,159.54605102539062,4.516817093238168,0.03285206054605892,,N/A,0.16042257633529636
TT,2022-08-03,2022-07-14,2022-08-04,120.85996877983091,149.29873657226562,2.905848406444133,0.024043100753547937,,N/A,0.23530345142022388
TT,2022-05-04,2022-04-14,2022-05-05,143.1066914327752,131.1251983642578,3.39862512144543,0.02374889033782145,,N/A,-0.08372419869790453
TT,2022-01-31,2022-01-11,2022-02-01,182.4428609174321,159.68165588378906,3.6172804796438975,0.019826922585263366,,N/A,-0.12475799227871161
TT,2021-11-03,2021-10-14,2021-11-04,163.8103867172584,172.2365264892578,3.3908750129383014,0.02070000004817187,,N/A,0.05143837299244748
TT,2021-08-04,2021-07-15,2021-08-05,180.2759116311096,185.51589965820312,3.300068550210028,0.018305654484570343,,N/A,0.02906649024643884
TT,2021-05-05,2021-04-15,2021-05-06,161.0224270593171,172.14085388183594,2.6643586619569186,0.01654650666130767,,N/A,0.06904893327948075
TXN,2025-04-23,2025-04-03,2025-04-24,170.38636016312617,160.7584991455078,5.442845899885957,0.0319441409199365,,N/A,-0.056506054876697534
TXN,2025-01-23,2025-01-03,2025-01-24,185.95665889331593,182.60032653808594,3.8133134347147655,0.02050646348137755,,N/A,-0.018049003328004166
TXN,2024-10-22,2024-10-02,2024-10-23,198.410365264394,197.2663116455078,4.730574507118084,0.02384237587998139,,N/A,-0.005766098043122162
TXN,2024-07-23,2024-07-03,2024-07-24,192.48329004818206,192.62901306152344,3.2413398044373714,0.016839590613948907,,N/A,0.0007570683839875373
TXN,2024-04-23,2024-04-03,2024-04-24,163.56806569862252,168.61264038085938,3.5901860354102655,0.02194918684204077,,N/A,0.030840828621960886
TXN,2024-01-23,2024-01-03,2024-01-24,160.76579479492082,162.75633239746094,2.881240499079991,0.01792197465110918,,N/A,0.012381598990502448
TXN,2023-10-24,2023-10-04,2023-10-25,149.50951033098693,134.45994567871094,2.697918916530495,0.01804513245048955,,N/A,-0.10065958091200342
TXN,2023-07-25,2023-07-05,2023-07-26,168.3736412388551,165.73692321777344,3.5589084320398165,0.021136968980739353,,N/A,-0.015659921598661697
TXN,2023-04-25,2023-04-05,2023-04-26,167.73202101916567,153.68663024902344,3.8868193173712506,0.023172792492180898,,N/A,-0.08373708660278621
TXN,2023-01-24,2023-01-04,2023-01-25,153.37851624297357,162.41607666015625,3.973310999816507,0.02590526429087508,,N/A,0.05892324843504081
TXN,2022-10-25,2022-10-05,2022-10-26,151.26315346640322,145.32566833496094,4.212129652265235,0.02784636942797033,,N/A,-0.039252686430083256
TXN,2022-07-26,2022-07-06,2022-07-27,137.17750238681018,156.87615966796875,3.9755377365086337,0.02898097477601318,,N/A,0.14359976627663568
TXN,2022-04-26,2022-04-06,2022-04-27,158.9595757014997,153.86380004882812,3.975285914821476,0.025008156301866445,,N/A,-0.03205705368917569
TXN,2022-01-25,2022-01-05,2022-01-26,171.81930544082203,160.918701171875,3.0976887236086674,0.018028758268235304,,N/A,-0.06344225546122591
TXN,2021-10-26,2021-10-06,2021-10-27,172.2383848712154,167.7989959716797,3.614911263321462,0.020987837676394682,,N/A,-0.025774677943334733
TXN,2021-07-21,2021-07-01,2021-07-22,171.2563133854294,164.02328491210938,2.693435624850378,0.015727511421949933,,N/A,-0.042235105558072875
VRT,2025-04-23,2025-04-03,2025-04-24,69.5999984741211,83.87999725341797,5.828445166273104,0.08374203008697272,,N/A,0.2051724007523723
VRT,2025-02-12,2025-01-23,2025-02-13,147.39710351498834,109.23338317871094,7.5003701038857775,0.05088546467348382,,N/A,-0.2589177088706947
VRT,2024-10-23,2024-10-03,2024-10-24,102.54554486918792,109.95016479492188,3.971252732133493,0.03872672125541306,,N/A,0.07220810943254187
VRT,2024-07-24,2024-07-04,2024-07-25,87.97082102771867,76.40254974365234,5.0279755988566235,0.057155037774086044,,N/A,-0.1315012313051084
VRT,2024-04-24,2024-04-04,2024-04-25,87.50733993599309,90.23383331298828,4.344484516095706,0.049647086967487104,,N/A,0.03115731067804686
VRT,2024-02-21,2024-02-01,2024-02-22,57.37675998024065,62.79794692993164,2.063931500900942,0.03597155889617532,,N/A,0.09448402021232873
VRT,2023-10-25,2023-10-05,2023-10-26,37.4882692966674,34.78416442871094,1.5318031932668181,0.04086086719940926,,N/A,-0.07213202739655007
VRT,2023-08-02,2023-07-13,2023-08-03,25.88357180035455,34.424949645996094,0.7996135710069299,0.030892705889840787,,N/A,0.32999224031068797
VRT,2023-04-26,2023-04-06,2023-04-27,12.822046168407585,14.458478927612305,0.5991936055258792,0.04673151208909546,,N/A,0.12762649094469405
VRT,2023-02-22,2023-02-02,2023-02-23,14.897520944680993,16.424192428588867,0.6797324906512247,0.045627221681733304,,N/A,0.10247822369754456
VRT,2022-10-26,2022-10-06,2022-10-27,11.944812220148316,14.746560096740723,0.7961546896935222,0.06665275895677802,,N/A,0.23455771635040554
VRT,2022-08-03,2022-07-14,2022-08-04,8.146004416136313,13.131318092346191,0.5601354807395297,0.06876199080250493,,N/A,0.6119949636087278
VRT,2022-04-27,2022-04-07,2022-04-28,13.599937851513927,12.722522735595703,0.704780838905748,0.051822357322558854,,N/A,-0.06451611216889133
VRT,2022-02-25,2022-02-05,2022-02-26,20.86852825051388,13.161229133605957,0.9447174282173842,0.045269959475657845,,N/A,-0.369326433775613
VRT,2021-10-27,2021-10-07,2021-10-28,23.013323273839895,25.614656448364258,0.626056721493262,0.027204098862371785,,N/A,0.11303596371417578
